0,0.21269035976529976,0.4034620802948588,0.5342337930029964,0.6428705595126888,0.7505556151529188,0.8434263953858718,0.9313653362537622,1.0053315774338796,1.0890567863718155,1.1451935000682747,1.220170392022239,1.317442642854996,1.3080492028799817,1.4158638557468528,1.4480464695661956,1.5704357546308312,1.6444161676288216,1.6415483874048769,1.6448398394850163,1.821216680113485,1.752120133337446,1.8881200692970317,1.8761468615056023,1.8960777753074376,1.9387416595767009,1.9075202595036707,2.014170151326612,2.0541237336955462,2.1479367769286,2.08931329015899,2.2593563584432257,2.1633230256605382,2.325399770760217,2.283484921620626
1,0.22068708753365918,0.40590874755466755,0.5386832543952468,0.6564764199464553,0.7730638038389994,0.8695658236575606,0.974774716888948,1.0391932941608966,1.128643618761875,1.1801271312026742,1.2383942392466323,1.2909231293908847,1.3839904539326133,1.404236794963029,1.4664385452763393,1.4587952840790044,1.5071533758241684,1.5916887309298182,1.5933309271715936,1.5114575040738967,1.5706970841176697,1.6647747448298467,1.659562299616669,1.685495202943872,1.8042383606012429,1.8407830328617276,1.8844311250741987,1.9784574006218085,1.9701905527623678,2.0675467540276866,1.9697207977490319,2.02960916793196,1.9502961209985676,1.8417698898027164
2,0.28162346957470114,0.41828715912051595,0.5490248952587343,0.6742974741773662,0.782483494073705,0.8683216526318589,0.930665039207711,0.9968608702070416,1.0364056768655172,1.0929434922754355,1.1479113704732684,1.1940087162623882,1.215675688036853,1.2239474154560592,1.2856028802261807,1.3618033411115948,1.4078314462642745,1.4226620052907655,1.4584784821809058,1.505718086233734,1.4779615496457144,1.5078777122846043,1.5048433868558566,1.5889873019628096,1.6017896915958436,1.5993368164475965,1.5224265354444706,1.6231795402863967,1.6422277352570913,1.6949329889057663,1.6237352171349249,1.7151829695310048,1.7385149547092427,1.6894806201076367
3,0.27093547990428885,0.409124526806946,0.5424393156703383,0.6696463088292924,0.7777477991231218,0.8750303558121006,0.9357359936070903,0.9855759340940426,1.0226116800237535,1.0838790571551256,1.124025744251935,1.1787264172608638,1.2249613699229083,1.2720699679271166,1.300580842845861,1.38482614767159,1.3633950942452628,1.467370794172984,1.4642437665936314,1.518312512598146,1.6008295378975002,1.628973730763916,1.5076784089498685,1.6308731931541653,1.57084251813152,1.701226076019047,1.6571693152552904,1.692871468075846,1.6248031314981566,1.6836516990950898,1.7964214823338662,1.900562329076854,1.6985506399100545,1.7978385153044372
4,0.28044569603600233,0.4983104728754442,0.6674014081349242,0.8403419250427829,0.9964770843228598,1.1137396937154767,1.1969986742679353,1.2698002939149358,1.3262676968243279,1.373096944372927,1.3958256943903202,1.373953743009218,1.392194083247079,1.4321038971511848,1.3994864078974765,1.4220485911311083,1.4696415460585253,1.546240390399009,1.4877883509889969,1.5379390155392434,1.55032272486652,1.578301223648309,1.6327449665827183,1.6041140311813507,1.6805833476474128,1.570806499293664,1.5988558031035636,1.6553476137381784,1.6889997352702861,1.5985258789831178,1.606070905886196,1.7419270954801793,1.7010306158382928,1.8394908720492449
5,0.2543012929795947,0.4661185551007,0.6196538061652904,0.7741280003062125,0.9121096396731313,1.0200813884968614,1.1125086027156712,1.186159124038645,1.2463978201847334,1.299116896003519,1.290704500150269,1.3859835608065885,1.3625719736795392,1.3449151230830731,1.400955426072422,1.418856112493328,1.4366999159042033,1.4650956037053622,1.4963281505300412,1.4557365698419915,1.4820854257615663,1.5559421605700476,1.5537342730658317,1.6650077635889111,1.6537611595721957,1.6132583564314862,1.675791645542234,1.755058102377627,1.8821784048876822,1.8666607774011728,1.7648520163081307,1.9323735633377799,1.8700116661278032,1.8335112639082767
6,0.31452968115972857,0.5358640425994137,0.7186349160339951,0.9164689161765895,1.0904241704940723,1.2040869660932842,1.2715947758023924,1.320777744102433,1.3637807014322658,1.3980099762924532,1.4145238392762078,1.4558972677027773,1.4329971531283998,1.549820109612605,1.5524509810604898,1.515408962785824,1.5339303599259553,1.6284212033468777,1.5585178220068434,1.6415060485408874,1.5575178552557407,1.6576676955297476,1.5706381632946131,1.5940002130495177,1.7157979284250102,1.6743255346399752,1.6281957895046573,1.7685924099465207,1.6796421711073488,1.6522579096170285,1.6952992030404928,1.6951786412222745,1.6444123347059305,1.6094379124341003
7,0.14158987751159705,0.28978967302011666,0.4137520259515542,0.5115981035891062,0.602067076496392,0.6849848693985572,0.7586081192201226,0.8181114052364881,0.8695178397680702,0.8994358009830575,0.9567942012964218,0.9764117343594059,1.0165422865240301,1.0658990912618072,1.062925214939739,1.0948253018937457,1.1351625979230617,1.1400335042189782,1.1644401159079274,1.1900422307899892,1.3045323400164046,1.2340902267900933,1.2178298389873623,1.2413704402142733,1.2692213006441997,1.340070993366141,1.274502955131774,1.313798859081737,1.3003273706481673,1.4085565576073615,1.3464099206393465,1.3691322237175048,1.3819746999753741,1.3833831509124321
8,0.316950627954131,0.52610136972748,0.6647138692568856,0.8241008484944,0.9803320953576874,1.1201457881355799,1.2285673764358307,1.3147276539420092,1.4212106262261186,1.5041596370000139,1.587036299413262,1.7089517732540738,1.6540822347916397,1.7584875413729533,1.7762333986991354,1.9124297001257688,1.8695653969308217,1.8484195027935462,2.076971388097774,1.9411685564827308,2.12741737355671,2.0125610990971836,2.155497533109551,2.09290472184813,2.1041341542702074,2.184066492758708,2.3389527371649206,2.228772935071145,2.108558940250563,2.304855241528585,2.6096101282889577,2.0956144009254367,2.3680423096486893,2.3690748342628787
9,0.4183459893821879,0.6284736831673341,0.8611804074921593,1.1105832595409415,1.3177673816848618,1.4530736073875012,1.5404887405560443,1.5940384456159065,1.6522579096170285,1.6899318691080418,1.654288478599452,1.7352192456558424,1.7123789693795257,1.7428738806585315,1.7215885100336727,1.7248492715595125,1.816376096863411,1.8902605753349881,1.8973472317906201,1.9663267372420044,1.9222259060169578,1.935205318909756,1.8971199848858813,1.9598813596520515,1.8026647027103173,2.022565893287834,1.9632786551369574,2.0569124286198077,1.8691912093608711,1.89966775696468,1.8350274494765706,1.9475699004736777,1.929501394388921,1.8333974572656395
10,0.12980918849662035,0.26474299998120615,0.38970120220759263,0.4813954760239849,0.5527084153094101,0.6174626660436752,0.6729979680518111,0.7413198181841821,0.8007513134933273,0.8797128596364316,0.9533964379281169,1.0202814279428065,1.0743195960990652,1.1489630594664333,1.1945704516475457,1.2948229576227315,1.324065309830982,1.370714255182686,1.4581977910255806,1.5319834519995577,1.5255005163472146,1.5302598827219178,1.6154285165712574,1.7057251318862519,1.6243001817553413,1.717993318988446,1.6879626755464114,1.775688999195446,1.9071756398741724,1.6263874707478736,1.7674104402177686,1.744691958370069,1.902573835568345,1.9370800696070412
11,0.05349525945656091,0.10619442420364636,0.1654466168062705,0.22390617802230625,0.2783588626664529,0.32905479168959956,0.373401872189485,0.4147853695554601,0.4565835620371876,0.4919575732821723,0.529030759375518,0.5638086661954586,0.5959867413538243,0.6329000729767611,0.6677835020680903,0.6981957646787436,0.7255667015827411,0.7379767792677434,0.7838315148871097,0.7967225487716455,0.8362961925973429,0.8590254487692196,0.8749982598105239,0.9344273592393587,0.9483188942406092,0.9202668802537946,0.9454576248594477,1.0122454492451052,1.0026074231811064,0.990228283372481,1.0863421960762953,1.0762599946342692,1.1124056108004456,1.0615348708852101
12,0.30121043579525786,0.4691636569277038,0.5910175360701067,0.6968026437991656,0.8064172547549161,0.9099302981702914,0.9959305300211461,1.077965534597282,1.177934868745071,1.2689714552282167,1.3527595800333199,1.416489750537711,1.4712785734177514,1.6009362671787797,1.6523629571511342,1.7376654091649866,1.8112485148155395,1.7972996496036704,1.7634593014214346,1.9260718068356488,2.1206271064640485,1.997081335865937,2.0699883990360806,2.1320457048983514,2.144699376417759,2.226311315638054,2.1106940851839404,2.3092296357127142,1.9711746507147951,2.043073897508961,2.262311193856106,2.473733349189875,2.248191020928247,2.4306850956213615
13,0.24489204727469474,0.413573427475295,0.5393073477934236,0.6426176044489276,0.7376826053029768,0.8345453381896991,0.9171089509297586,0.99492343867318,1.0721477787075566,1.1526590225432547,1.2089287906390425,1.2867938558961394,1.3290530938062626,1.4033147317692023,1.5300672477966102,1.6170153946460122,1.6968227024228413,1.6414501302412365,1.6842259254164778,1.6952729408121412,1.662627555763017,1.88419902987842,2.0267978081944142,1.8108988094387524,1.9726179679702491,1.9699353286423031,2.0131921561386354,2.0662958124673336,2.0006606638267215,1.9395876833158263,2.147709512808839,2.012232791986386,1.8375690052593492,1.9802348915963879
14,0.14275988276058088,0.29221853896990047,0.4104571138613802,0.5002750832821472,0.5744945957043777,0.6388493349688812,0.7071354395075116,0.7811012813479359,0.8507345749556903,0.9262697054900151,1.0004540305114704,1.0678694447083845,1.1482396232506054,1.2424279017320363,1.2851526342143065,1.374672465913905,1.4545714129628193,1.4938337094506275,1.5116819961614933,1.5924106510238196,1.656139005480081,1.6840605526382977,1.6777571564115776,1.7756625421858803,1.7593941847260233,1.7605444498801306,1.8674385336138182,1.7701603574245932,1.8933083821225551,1.9122488664821815,2.0321886568292906,1.8870696490323797,2.1223665863968697,1.9694406464655074
15,0.21706581598988578,0.4046292743270839,0.5252520418457618,0.6155677246383895,0.7077785474364428,0.7947961260232721,0.8865585387543301,0.9665888654234424,1.053452965767995,1.1495875112747806,1.236167163917279,1.3059158012181762,1.4128162631689851,1.472187711682175,1.5355733381153394,1.5313292075391394,1.643587572286219,1.7154668976254939,1.8313499364990635,1.8231457830487257,1.9334099862910819,1.8452481541790413,1.9105707826100045,1.92896059074154,1.9111240329698977,1.9647786333596962,1.937301774518713,2.0057705369789924,2.063002815336676,1.9709114512607306,2.1439800628174073,1.867745376205977,2.0005934753293673,1.9530276168241771
16,0.23757875247904706,0.39446519119327955,0.5161375051016633,0.6089244149089145,0.6975839966718691,0.7783074305032133,0.8586164336645182,0.9346526374221791,0.9978696886190248,1.0917564034270244,1.1815911108206738,1.2406878297196122,1.2702316786885144,1.3526916402708324,1.3628493381121076,1.469070804776959,1.5758616169004962,1.6027860032057946,1.6164420798776713,1.600981202415877,1.760837558889469,1.705209453261603,1.8406533732181103,1.7179780810093064,1.789358507690517,1.8240203314462764,1.8581345381729275,1.9459101490553135,2.02960916793196,1.7613388725273433,1.9859154836690123,1.9363406980391626,1.9184427543547025,1.9590509426163716
17,0.21389521281892085,0.34739840422049084,0.4656786302271342,0.5674951581528576,0.646677613040147,0.7067343461062537,0.7805836680168603,0.8301644096746671,0.8652629815801994,0.9097868409641141,0.9507515427774962,0.9998610808077711,1.0089510776909039,1.0762774685675298,1.1001823237556778,1.1164409618797453,1.1926013396589705,1.2200556505195836,1.2409047248274085,1.329626023251525,1.3516334667814822,1.3576425993158436,1.4290628839927777,1.3708857357670456,1.4908480998077769,1.5419966316385678,1.481202207384288,1.505702092503276,1.5191152741408145,1.561082436382793,1.5689012653262537,1.5320061723012843,1.5292717403490237,1.5887117819169834
18,0.17119057373409702,0.32853022423711903,0.4483469554170362,0.5341156569872916,0.6023225290372455,0.6695439735035726,0.7422355406463029,0.805371082806332,0.88888819070982,0.9674452883143422,1.0256965913687845,1.1112458698995609,1.207446069689566,1.2568983536465759,1.2992829841302609,1.379272308646171,1.4260449157115975,1.495219942942213,1.6059229703266558,1.5049339278778904,1.6251040291784997,1.6346805296217084,1.7620979760899682,1.7130577836141427,1.7867267459734448,1.6629265973850866,1.8162790864023737,1.9252908618525775,1.899059849703708,2.0171992328026147,2.030419869232949,1.8537695440122675,1.8405496333974871,1.9479488857451617
19,0.13671856438214097,0.25206631149031966,0.3635480861102729,0.44498518308902724,0.5124457637016326,0.5689235689507368,0.6244117732913806,0.6812460596378913,0.7241606479571724,0.784077756946044,0.832577019053984,0.8873398445033899,0.9351899584507016,0.9824127846173705,1.0342186215903268,1.1038674521936223,1.140367857424579,1.174463646242171,1.232082133362162,1.2378224515404173,1.2695128278005967,1.3542324286602276,1.395433264796093,1.4304552569056603,1.4722367909206153,1.5168917663096257,1.4569912063751893,1.5075800273274762,1.5798917683402893,1.5427465379354282,1.5920209264400982,1.6308731931541653,1.6385745065207558,1.5725592820487344
20,0.2154927318637738,0.28586880891894423,0.38047620969099777,0.46189460063044785,0.5247464546232272,0.5857146285476784,0.638815602935767,0.682862412728308,0.7218442931538581,0.756349858399712,0.790936337408852,0.8323313703764237,0.8635723095145398,0.9271900223321908,0.9598663784208092,1.0044925735783004,1.0306503451075166,1.0578476846038374,1.1009831619209258,1.1539911575556052,1.1645602533089146,1.1423268599044154,1.2381477561243974,1.235521162060862,1.3039460842097257,1.2660912724241355,1.3795829265319037,1.3597206096673768,1.4605596525534146,1.401462582593062,1.394920415839658,1.5144591694112441,1.4147863169141968,1.5226825846073084
21,0.2724967583299692,0.3234086011401272,0.4217506600554573,0.49877492652467564,0.5646477482757053,0.6305212845378633,0.6928005400804214,0.740312881682618,0.7870730762310533,0.8562760036104281,0.9014963507692367,0.9332635591367863,0.9854893769350906,1.0514406843340884,1.0892972150646165,1.1411599091558347,1.1751668050768547,1.2427801285351319,1.246756944435156,1.3221240962928704,1.3348911826599257,1.390162837897811,1.362645820860005,1.5135327601297015,1.4206247424036385,1.4874982679733628,1.5056265837631035,1.6254017634231144,1.705411442179831,1.5861471944280043,1.6254382537805416,1.7967972632580123,1.6112220342276018,1.7264543708202884
22,0.1820893444427168,0.29829649542743647,0.4179861915446941,0.5096016729955918,0.5832712811721176,0.6617227222498199,0.7366823555829155,0.8101230796399446,0.8894270896046069,0.9723079502801975,1.0458266243914514,1.1192769061700785,1.2212386189232185,1.246031908598953,1.356648713002089,1.3385465982466753,1.4587295767978148,1.4873810510991643,1.5081652920959414,1.5285312738213,1.589569709217375,1.615480226890063,1.5916811908448414,1.7028323828402863,1.7356147402189526,1.6486586255873816,1.791759469228055,1.7930813464859707,1.672975933238088,1.7093599374609882,1.7039137158863056,1.9832976811269336,1.662710379043032,1.9545308920992204
23,0.12003514862073578,0.21331649433973177,0.31535359546028263,0.40086917534270317,0.47070825061091615,0.52983018843626,0.5922926694781179,0.6411742392536867,0.7039272469076144,0.7621900557971885,0.8032270813026228,0.8782650033669637,0.9151704404812547,0.957880713355242,1.010305639241122,1.0619434850310225,1.1108109428474593,1.1923714922016524,1.1596406518264128,1.2498261088220584,1.316412995571824,1.289009847011848,1.3121011047564886,1.3406712869748552,1.4132825058375376,1.3817107014522327,1.4146975531067978,1.3941684175507965,1.3778909503235113,1.5174555227224502,1.4370164263973064,1.43141479640036,1.402915242355931,1.4007246259489194
24,0.46423601067238723,0.48552297740460115,0.579487624268028,0.6712654926759184,0.7453918833856457,0.8412870998914356,0.923849746633184,1.0006218728523515,1.0990507890040113,1.1820141839488747,1.2813606357011433,1.330912462225759,1.4370566753308676,1.4902305956439827,1.5630124997035872,1.5462759612579422,1.6852162213211792,1.7303905228517629,1.7258561985509984,1.8543523188695388,1.8382794848629478,1.7471911497481785,1.9732514946596342,1.9336537282183373,1.8633633082557268,1.8703766599103704,2.0237526358192475,1.881852512755093,1.941028121458005,1.9478923102593046,1.873936649430224,1.8554752836141626,2.0125192291869887,1.9434440565601199
25,0.3021884440260948,0.3100834831167535,0.40881835994329563,0.4907141400706616,0.5577122231168911,0.6221885543682859,0.6786369354890831,0.7376535282836311,0.8144872978932751,0.8748912755166633,0.9421049074197121,1.0182354450767674,1.0888470401771209,1.1274762779276393,1.1671764497423744,1.1960046346767592,1.2737416303900142,1.3025634682094227,1.3650981457811515,1.372546811114299,1.391859205753298,1.3916755400244074,1.5363550556956238,1.5052144065633493,1.470377478330432,1.5215603595566216,1.4563619237366077,1.5119030376076643,1.6059434417843268,1.6468857999995978,1.7082655070503037,1.5979435330083651,1.6126074871953795,1.7096064013895016
26,1.2057132246801665,1.2161848174571932,1.2117525176493085,1.3344548898708215,1.4096038179191126,1.514073688350869,1.56338588177925,1.5905685923409063,1.6403794801998952,1.6448499506573562,1.7066534595979719,1.6619640709863628,1.7711097679375114,1.6604322084639143,1.6945182674400026,1.8571319871537977,1.8249851168563753,1.786902733115105,1.7652045365936069,1.8357702903818345,1.8047466647548662,1.8130620499319232,1.8390123540786005,1.9405047304884053,1.7551871796047112,1.8827312474337816,1.720531959939687,1.8761006176618058,2.0765303314723775,1.7831757255366636,1.9401214208790687,1.7488080820324559,1.8435105342805003,1.890850371872286
27,1.10977123908153,0.9539256186115919,0.905832660560051,0.9653609503570738,0.9554756162174864,1.1211366612972902,1.1650613750490102,1.2195734654112613,1.2480574837614287,1.2892170841955457,1.3423312376987744,1.3330459636412533,1.4005279419410603,1.4191494815366883,1.4594452427555058,1.4644901330265763,1.5266292990495471,1.5497057494006852,1.5717537311063312,1.5637220368666642,1.5660083545067645,1.678000583871397,1.617634679638279,1.715283747198759,1.669757702667623,1.770845113079185,1.8497467268784045,1.712020851567505,1.7889064002456485,1.6674024528795737,1.6900299197644038,1.8279194506424987,1.6836946830405928,1.7264543708202884
28,1.5527779338446595,1.623283656232684,1.5703386332125906,1.5888228760554932,1.5508783403964352,1.7040394586904057,1.7553970942191461,1.7676073518562765,1.7707531657747768,1.8577682498435684,1.8701517712068414,1.8230230331695607,1.8451164001372953,1.8517968574848345,1.8137621602705836,1.8464746526800115,1.9918008380489196,1.8122487596805263,1.9852054454746304,1.8329066141332264,1.9164962638490202,2.022808200049378,1.9021075263969205,2.0197930058364566,1.910365211635902,1.8690706810759816,1.8533806033342288,2.119808887408445,2.01786160258201,2.299354072412599,2.1574030831495477,2.159484249353372,2.1352329013082514,2.0874737133771
29,1.366518832710365,1.4370507180571632,1.3532049342222165,1.3581949807270337,1.2997505313526976,1.453410620730729,1.4824519025178315,1.4636846518333604,1.4884097065903095,1.457959540432814,1.5318263000101258,1.4844390945153831,1.510419433888381,1.5459245067117746,1.4733915860728302,1.653633385225222,1.5462503669857737,1.5929166425791466,1.554666837536315,1.6406295249121075,1.7582835400316654,1.696376506571338,1.8202148081110983,1.7907488577221315,1.7621589994517644,1.8021943465206347,1.8218575003853346,1.868201164727997,1.9886798254431624,2.1118952865295744,1.8155483311920697,1.9690934845109704,1.901277995034545,1.9859154836690123
30,0.23595253360543725,0.39020652321210714,0.5096082553458227,0.6012126493784891,0.6813283074904448,0.7705809925495906,0.8803368977733111,0.9830635341837681,1.0580256159515056,1.1621365438487765,1.25058224940106,1.3121612339483701,1.3905226972294116,1.4339093742540254,1.5045408962051976,1.5987780063087522,1.6534547978508747,1.6507874722527958,1.682560177263063,1.7488728971473633,1.7709974777796258,1.708048425267082,1.8042776875854583,1.8261410154273003,1.7744878827193944,1.8372218433048122,1.8365734850178477,1.8858921393290604,1.8452839496437596,2.07765423110574,1.978345424808467,1.8163586282414228,2.0996897025097834,2.004977380742295
31,0.23013134614807623,0.39023082003964604,0.5122306222035006,0.60807902871307,0.6976749964402594,0.8027099786873221,0.9033815641632641,1.0282021571848636,1.1059377047307435,1.190488426772031,1.259716335943868,1.3135768631319307,1.3970557700678365,1.3994668896764293,1.4814710384875978,1.5460139214920972,1.6289643347844556,1.6817585740137264,1.6974487897568138,1.7910499977545213,1.778737454499943,1.81778324264936,1.9052501109691315,1.8015795154090306,1.8814516567281567,1.856576969304526,1.8347609052212424,1.9035508752161718,1.9814378642477182,2.049706942736957,1.9208365115031973,1.9644721669153729,1.868132448012629,2.064017071354204
32,0.4275058046686255,0.40594943611253903,0.4961176539413629,0.5762151284817985,0.6341012205567872,0.7078859237869898,0.7825223443439137,0.8358805662704165,0.9039006157575858,0.9687840392302748,1.0429914104434272,1.102798146600788,1.150121309515347,1.2053626586149904,1.2239223572045728,1.294291957598711,1.3341783599808765,1.317885059505465,1.3843804849376065,1.4210896477732855,1.4146864826733792,1.4482860371478585,1.4839707058850231,1.625764805721529,1.5320612005032517,1.5571319597321636,1.699836759037395,1.63254548744425,1.5431368326128603,1.7888052573306235,1.6765557489041594,1.6897603012729334,1.6764486227170607,1.55814461804655
33,0.33773501310655646,0.3046366659451263,0.3821851398716203,0.45678145405756676,0.5186488545006271,0.5894569268245408,0.650695739631866,0.6986985448039491,0.7444674336063941,0.7944581079881835,0.8460616456489433,0.8966265114215937,0.9419719015316117,0.974447768575569,1.029793724310761,1.0526719411894383,1.0952271492607437,1.1541303625686568,1.155866277391052,1.2539313294180876,1.2712976187121905,1.2382183828391033,1.2696183074694884,1.3800443407747194,1.3698366488168476,1.2958167761537747,1.3281867303126098,1.4202355945479233,1.4149795091187491,1.5708656376478607,1.5723966407537513,1.589235205116581,1.5614582305459652,1.6055468569411337
34,0.16328468470401272,0.27887062759266135,0.39329200298197536,0.484486898017973,0.5552591096460016,0.6272673164818395,0.7023264324123849,0.7783965011400781,0.8375050953906699,0.909396472180725,0.9874210426359176,1.06439178647559,1.145254683851085,1.168131614497307,1.275256044545383,1.3061826665193494,1.3469394107692803,1.3822342662205922,1.470031555366557,1.499664670602221,1.4592268306109224,1.5781310078090562,1.6388401098675571,1.53338984024174,1.6968722118237747,1.6647123426118733,1.7077145732035215,1.629743178594846,1.6932342501760862,1.8043779331872665,1.892421464104327,1.8302257500558512,1.8375131034229595,1.9544027691009669
35,0.058861714807268664,0.10862774470954308,0.16894876538995152,0.23089819465322226,0.2893192202483418,0.33983282381952296,0.3847377894237463,0.4249013923688116,0.45905030210013564,0.4940464831905207,0.523507746734044,0.5484261537156505,0.5718330191424865,0.5978297909242944,0.6227608955498574,0.6547335283749844,0.671613408219937,0.7151094415579188,0.7381408794505875,0.7513684613204041,0.7733410027029797,0.8208667799552528,0.835486699458859,0.8311457872555804,0.8924698814410399,0.9147657601718372,0.9100601821235189,0.9315240013542347,0.916770233201971,0.8995263057259021,1.017448881560903,0.9840707469358972,1.0264159974636207,1.0449821042946768
36,0.407400564387291,0.3958443564764173,0.4839510696199126,0.5684634750751698,0.6330879113428823,0.7056346007270283,0.7872344770099583,0.8573442603574543,0.928255756910207,0.9946165971073688,1.0529478514563868,1.1228342391851551,1.1872844600785741,1.1928849446027774,1.2826086873417881,1.3003944040835123,1.318240897874875,1.381156735140299,1.4124102082504504,1.3725389860514052,1.4552072933606266,1.5144109786308195,1.5009376767716063,1.6224799078044965,1.508858975110633,1.607540378657909,1.5976667759838892,1.662236098001071,1.6451559950361796,1.6914751066020892,1.811090926246362,1.7227665977411035,1.666494384278956,1.7333874630061477
37,0.49307089640456103,0.4396882915316716,0.5096972276520663,0.5824217934644603,0.635993963820015,0.6990908462538358,0.7670712311373087,0.8254738496137094,0.8792619670256631,0.9531860473261087,1.0082493914449657,1.1059024315016348,1.1286995810514349,1.185671945681889,1.2543764793063477,1.3030780550988124,1.2878542883066382,1.3396158141192351,1.3977044278579216,1.4188060585065176,1.4540987017879834,1.4902685258089343,1.4390237895485063,1.475726809143266,1.4751340207367856,1.5601081836387156,1.5006146181491888,1.5440279899610987,1.4953246056666794,1.6403283994534388,1.4947750041139605,1.774367726516186,1.57429520384099,1.7293818368598228
38,0.3586100275414084,0.5719147367803035,0.7438734843360824,0.9434378672554751,1.1384607916494698,1.2848035360097168,1.3826693777468606,1.4978983717970518,1.5855602857500686,1.5930248827927702,1.6342892341902593,1.7761774822338467,1.7839469294912613,1.860031659917675,1.9676149955704823,2.0595952453079054,2.060773474608362,2.007153774296032,2.0706450035504997,1.9071956368746228,2.057893205473633,2.16593710909492,2.113300575444841,2.201382587484883,2.195680175484845,2.4110317507037404,2.0744951177445103,2.406125771934886,2.111257586864496,2.167435140534112,1.9900349539642512,2.562464884133875,2.376897125958597,2.4759379798052397
39,0.3630917711261928,0.5816418929167553,0.7537282805208693,0.9570149581843114,1.1528352125467187,1.3148197616570871,1.3995549001986332,1.5312839892785315,1.6154329779590613,1.6802126349716002,1.7334863523410136,1.762499564111256,1.873150794772885,1.8305993025443188,1.9649040723964888,2.0267277149002108,2.025306235303151,2.1741688010362936,2.083684229418626,2.074219597698684,2.205421344540398,2.424563519880532,2.2394573409594924,2.0281482472922856,1.925501277424106,2.32687778556309,2.275916845911884,2.242642057027012,1.9459101490553135,2.1447610078004784,2.1903986122658194,2.352661430974222,2.4267990189807196,2.2197607423586323
40,0.37033973142449883,0.5738825835431103,0.7619933001551646,0.9772200479151294,1.1643754525440702,1.3123502099497435,1.4037910006979841,1.4693133020988138,1.508217262828712,1.5588614125722586,1.5456912673591225,1.5419544751960033,1.5759829288898077,1.529441628938284,1.6637499017878403,1.7419270954801793,1.6773885743426082,1.7494803203839484,1.7789603723092127,1.7499365030930314,1.6724320317202974,1.7530222315823438,1.7821347558538454,1.8614928072427301,1.8812929156503946,1.81315739074561,1.7578579175523736,1.8410305182348379,1.8210298515281682,1.909096175932597,1.9286186519452522,1.8830508894374622,1.9177392720886168,2.002926829495549
41,0.33860714839801287,0.5367187437098023,0.6898283237810315,0.8682192874659774,1.044401694323546,1.2002427913149822,1.3363529413641133,1.4086787664047022,1.453939683752456,1.5330920666418901,1.6266481504717258,1.6646904946373617,1.7416127234357437,1.7146903141397158,1.8486676014999346,1.824371054816816,1.857017303965978,1.9049208045221164,1.894098182456965,1.7653952774863078,1.9517752685077114,1.7841548698428358,1.8600162346825042,1.807507826196194,1.9012437020697432,1.8724483804781977,1.9898732724764294,1.8671761085128091,1.9656476318936347,1.944187495743867,1.8490307944891138,1.9600947840472698,2.1701959049483,1.967112356705916
42,0.09999805412993827,0.19436148640262396,0.29353153418393396,0.37606567163422555,0.44770168934130816,0.5093588929019651,0.5628003545636142,0.6159853108094985,0.6602793873519018,0.7058894207120586,0.7524250281017602,0.8121369380593616,0.8569536335393823,0.8918366368415102,0.9722101252666373,1.025515534802485,1.0417164453955092,1.083921573258106,1.1244878581839708,1.2006036162224298,1.2387830339378354,1.246008721429804,1.277861646425094,1.3070749578491079,1.3205039396131464,1.3299305440639033,1.3506341807210063,1.3309724950872435,1.3258500115149827,1.4155427902461228,1.3548415645680847,1.4069136483226263,1.475173650593925,1.5745064945499891
43,0.1268666913681617,0.22989748721612274,0.3363340917165156,0.4252467576345129,0.4997338524182321,0.5696399102787748,0.625371489470377,0.6869366948134832,0.7482612483011176,0.7927913588094251,0.8482764646199211,0.9033325523424132,0.963751434279707,1.021859165424065,1.0510125835466613,1.1071167743809969,1.1626341474330406,1.19698213429639,1.2121108069987805,1.283231275119753,1.334082652462978,1.2875783881807328,1.2943393953411082,1.3497220714965468,1.4408015489598047,1.4042481647364864,1.4431572230144338,1.459131685072157,1.5203190531049058,1.4985372164006587,1.57621226480578,1.5778635668355052,1.7565558340350753,1.6969253665572162
44,0.49264715347995347,0.523406828336829,0.6294560545107678,0.7324342635710589,0.8336500958149227,0.9449115287891575,1.0307003835039124,1.1018787709610434,1.1802595708522712,1.243577100145984,1.3232396935873971,1.3448939128579258,1.3699815352802474,1.4054514873659512,1.4854422649326608,1.5240413924768705,1.5535212916913603,1.5240527409370135,1.6012540455427546,1.7722057736014178,1.55814461804655,1.6468254445057207,1.6309661656977499,1.739554389958554,1.7929932756769835,1.9243168674247453,1.7421142387388897,1.7601112582772733,1.7073924304915156,1.806968887891584,1.9393954680341197,1.7649813501466622,2.001480000210124,1.988927534139004
45,0.2022826196882936,0.2415717872729203,0.31320544052793414,0.3835214252697414,0.44222830489699355,0.49919442429327565,0.5488522139384802,0.6026248054834782,0.6475247952414478,0.6944293842260549,0.7361141123205173,0.7698851925623506,0.8071946870312412,0.8443758533632355,0.863601573782216,0.8919273477164162,0.919391800938265,0.9512965214562688,0.981742457176306,1.018437192035619,1.0354998653580534,1.0761394328160512,1.0773348902208248,1.1165419487173955,1.1446381110633919,1.1930323461527523,1.1530766505313734,1.219973145672377,1.2171867766808049,1.2809338454620642,1.3736306207548723,1.29554788425566,1.3086114099848962,1.3074812121897263
46,0.14941524306044088,0.26491784599309454,0.3856825552759562,0.47762327029636825,0.5443646848130093,0.6079567327470894,0.6674454240381815,0.7258045770736654,0.7932116318656609,0.8549837169492939,0.932072227211558,0.9981867613519717,1.0606708582777546,1.1273440003102446,1.1802335286346959,1.215437646252109,1.271551765628774,1.3063724191007489,1.3631378213072634,1.3732876745053788,1.4609751256520416,1.4051935876964372,1.4625959495778236,1.5805771423734665,1.555071692806088,1.5807583047395708,1.5254229243964972,1.7853778266385345,1.7185868633383956,1.7518428618226125,1.882237054194171,1.8147897165027542,1.9621048349752939,1.6988015930506988
47,0.1319012026951059,0.2423133269102515,0.3506395073102016,0.43992998531364963,0.5138798671990599,0.5874879345040798,0.656794476590913,0.7327923202195806,0.802668359756951,0.8520334651330378,0.9070889404366139,0.9753383150417109,1.0382591026171923,1.076282812270021,1.1280550434848096,1.1417477240550935,1.1761094478562857,1.2100602290852729,1.2687695565817918,1.2503827877763039,1.255540397373355,1.3305117213697455,1.352477738740621,1.3219237519968186,1.3776112385464299,1.3276869341664193,1.4688872773798818,1.4089442707967743,1.378097593915712,1.4571097830243522,1.4908070598553775,1.5116401691579737,1.4557038124920583,1.4149131664255432
48,0.17569659968937112,0.1925502244113884,0.26794067370649366,0.34277685645118405,0.4054511210182482,0.4618642500422314,0.5099734354166098,0.5555258026838976,0.5964207631141693,0.6340385865279308,0.6708465567187953,0.7148774061754264,0.7570666982732328,0.7947842515776702,0.8285987366412687,0.8620691777075161,0.9203975138268085,0.9473670673319723,0.9678502137923916,1.0477151836642644,1.0413183275558424,1.1042860627540176,1.1192643332207788,1.149164567830941,1.1598902917557472,1.224519756181973,1.2292906123102258,1.222406506014774,1.2713091320878547,1.289329115952124,1.356375231959665,1.4070204916370075,1.2840884222105797,1.3995201233391519
49,0.2183382633262461,0.27484645467178237,0.37001041535466916,0.45439664977455524,0.5249595410256422,0.5916572376159814,0.655564969272066,0.7223734902958707,0.7906800615016258,0.8456884675195412,0.9192698290489418,0.9490481340062582,1.0370323495702838,1.0635553353618725,1.1032089412112827,1.1801291463400987,1.2311178010441148,1.2861922651445628,1.3139013828758908,1.4105285968655459,1.3845363764889926,1.4235741779272033,1.502946814405988,1.5246966839790097,1.5341038656087016,1.5786008065995496,1.460315221465552,1.5112202842886542,1.6941209996641389,1.6371746674057,1.6638618943217884,1.8058442091097942,1.554378135251073,1.6582280766035324
50,0.5474722552384421,0.6853418950824587,0.8967511085381544,1.1103219247393399,1.2330783355297463,1.2899220683722845,1.3503309866646138,1.3785042136911678,1.3824629388083345,1.3254748588836296,1.3416646139277766,1.3472044533646985,1.4241069538809161,1.4624598120566408,1.4864677307548777,1.4905240387062861,1.5503298001796908,1.663775002819494,1.6624904557775333,1.7502772476231194,1.7738531908732416,1.8522694187205295,1.855897269061927,1.8462107888322252,1.7854263258310323,1.851657610809124,1.9634288452642872,2.021386025420343,1.9212175364649418,2.1242555574696285,2.005333569526114,1.943526357700037,1.9816282316573925,2.066335194174535
51,0.4155654748174348,0.5180032237369979,0.6572122641356994,0.7985415161555944,0.93043805072584,1.0174077621926096,1.0866695952793526,1.0992228265709505,1.1521488651925826,1.2109817121424598,1.2090762511084083,1.2478780121300899,1.2694486204988529,1.3501082545731868,1.3093991072934141,1.4112406290664679,1.4215624999573486,1.416584903587804,1.45667515788169,1.4499763511558454,1.5283495537475926,1.675981303210712,1.7128069175547767,1.750978084669429,1.5046088876205685,1.7143983480705869,1.850353633494108,1.971268084645395,1.8429621798028708,1.9440286809556078,1.7993066748634379,1.7617786370161193,1.853891250335061,1.799085509320128
52,0.208150281021677,0.32990020366762074,0.4407307393735566,0.5340673849804078,0.6098394678726432,0.6763070352902645,0.7253090858488582,0.7642210481891871,0.7844687226785989,0.8117274228466652,0.8131596554182478,0.8501528513395523,0.8783485758438245,0.9093462595213441,0.9244407362360796,0.9771867193102315,0.9817852408773049,0.9884883392482484,1.0295624549755662,1.073015556672397,1.1130634072062842,1.0872150342298867,1.1402661146518296,1.1639416362604988,1.1536423530255937,1.1348481371221546,1.1930675708436735,1.149591726276393,1.2231511144487235,1.2009295041489079,1.2370558392900102,1.2522913815967438,1.1781521047041932,1.1319140132171497
53,0.5172077052820682,0.5852685760116576,0.7159880289545759,0.8445176023984734,0.9727722426747969,1.089221279544382,1.16646076633065,1.239152663677547,1.2939477090067233,1.346001966810731,1.335683589719798,1.4241049923205449,1.4264320531517545,1.5070688797901508,1.465120153523081,1.5323952353127845,1.517659948542143,1.5298852807321466,1.547562508716013,1.563085949904384,1.5437508290816484,1.6041004998393795,1.6173361544583404,1.5398290877401168,1.6962554721927716,1.6508751022982735,1.6828653809889176,1.765016144252544,1.819411000558565,1.7683861180427463,1.9150826852600538,1.8562979903656263,1.8430527636156055,1.9067747201117122
54,0.09493620051572609,0.19628475405325682,0.3043455485053988,0.39331770926612974,0.4635898802176274,0.5166572832950089,0.5644371000154296,0.6214286000480673,0.667106862788555,0.7215765405965298,0.7763146338069904,0.8292360432791739,0.8784790441310466,0.9390932824748693,0.9734269232449642,1.0212980956477773,1.091001702137292,1.1362570942628245,1.1361736777581108,1.192451158741592,1.236241359414021,1.319909604458558,1.3538089059754024,1.3604009031149074,1.3756747922924302,1.3831546411152227,1.437763696349371,1.5031662349820283,1.466337068793427,1.5133392445148064,1.4189195884359673,1.5215997474684764,1.6079980273761127,1.6320803891838602
55,0.07884906441933642,0.16555650477135045,0.256596152424529,0.33818874856310865,0.4028392457085586,0.45960037306251156,0.5101559501083782,0.5552598818512997,0.6068143890067688,0.6480699352939511,0.7072470310078559,0.7468126340465926,0.7824065433384056,0.8265756702938349,0.8682828352720446,0.8740449600361944,0.9062403960206536,0.9382396738015579,0.9495237766673535,1.0187057373022246,1.0368765824640447,1.0339886212918223,1.0966142860054366,1.1043038236678977,1.0908603118637918,1.148464660616148,1.1790301604803552,1.1724655810802282,1.2079163859573079,1.2193873677271228,1.193716304158747,1.2617506049927474,1.300580842845861,1.2557722996860774
56,0.19516743721987373,0.31410339657965125,0.42526624931246704,0.5165227133964155,0.5924902614937034,0.6626884339897973,0.7323060123123494,0.8034362424189206,0.8562628756062537,0.9382198454832905,1.0135111319345993,1.0633549824824309,1.1272494259474748,1.1706580210402746,1.21235859770221,1.3181584324896736,1.372013772697259,1.4170112207620533,1.4150437744058766,1.4144970199359754,1.5180727431926158,1.6086885680753196,1.4805105344073501,1.5168332328079595,1.5961520757224505,1.6082537796728835,1.6955540342162188,1.533578061172972,1.7873638577550168,1.5975025618848275,1.7139817681853706,1.795540192067961,1.7607972436240882,1.7518801029964586
57,0.2842661348201325,0.4322506138131456,0.5527176279567599,0.6515537280258822,0.7498761784466955,0.8451413182891077,0.9367116976649067,1.0328230872086597,1.104713912585632,1.1981377737701515,1.2968019780506848,1.3268414912064184,1.4330457885994743,1.4524116914618261,1.5866153450904552,1.6371878253870027,1.618465054978628,1.689800130802552,1.7554398615649354,1.7493864393792566,1.845826690498331,1.8290665216408657,1.915652233014809,1.9200263510947888,2.0451088625993306,1.8966096506058592,2.11918187032935,1.798979717201542,1.8851739138674808,2.1107266791768704,1.8146437630616428,1.9965538818740682,2.004977380742295,2.018816919863401
58,0.20221884546713764,0.33582500033740637,0.4572531992102867,0.5576606721182475,0.6366336982002901,0.7103565763609827,0.7834928919603721,0.8550962770033814,0.9116659461360473,0.9656734886535211,1.0306566914978974,1.0857359736050016,1.0951394600345112,1.147734200562494,1.224146656402981,1.2659432359261393,1.2599160748180231,1.3322491156981582,1.4031744339734684,1.3689209312462371,1.4092126760806016,1.4602394889253085,1.5311771340163673,1.5448445201066336,1.5989566349665174,1.537379121325314,1.6541043594196703,1.715386490443481,1.6419851640005956,1.6378309869353183,1.751754134614356,1.9493465785538944,1.719621941061632,1.7266787957323955
59,0.08621981090514451,0.15276324412632186,0.23057067012361704,0.30373978449902095,0.36682820775468367,0.4203620251855271,0.46971856956209357,0.514829652863451,0.5539721871086817,0.5862242609496421,0.6231227136302733,0.6569249515933587,0.701971947015382,0.7350068044954835,0.776024089469357,0.8062026791421242,0.8614757272125548,0.8855957573836591,0.9335669090660241,0.9511570791887356,0.9934256406974118,1.0288384721980868,1.0132564498304593,1.0715444205760345,1.0585155700435027,1.0627661568949738,1.090244038997593,1.1221427860783038,1.1521828622996695,1.1314872214958331,1.1452599774598948,1.1556542270551282,1.1920780166737868,1.2083112059245342
60,0.6598387824243057,0.6738524862674445,0.7983431879482996,0.9049420929808351,1.0268807084798257,1.118647361330656,1.1969140095599715,1.2814122941716402,1.3490908428295727,1.4019838872912673,1.4348972769037929,1.5050550095239952,1.5450979206528008,1.5749709097962226,1.7005107977629101,1.6820605519716305,1.6459827830121736,1.7272209480904839,1.7264986656466599,1.7335500831421313,1.8725948840378304,1.8242132140777934,1.7988481065057897,1.8529138923813857,1.848112405779187,1.8414968274062624,1.9567356945602357,1.8291470012996753,1.904026771099136,1.8993901334204204,1.9516849485491972,2.1695548279169685,2.024056402528752,2.019490184549171
61,0.5762753014410891,0.5774394167577775,0.680319617144954,0.7815721699704881,0.8715629141932646,0.9777035178732254,1.0320520134229174,1.1240917613371013,1.161171928038761,1.206403709713682,1.2283821644968542,1.2705048190618335,1.36271684537724,1.3675179927541103,1.3792355082802659,1.4582479338765864,1.4294443524130613,1.5348863829433215,1.520772275348444,1.5533484457830569,1.5723318004230429,1.6783148351702697,1.740100610954145,1.6686993764708278,1.5722050698719394,1.6755280242630906,1.6954826387926352,1.8325814637483102,1.8303147457396192,1.7970645214577483,1.9631354553371927,1.828841144132587,1.8048315507954078,1.8250166909845376
62,0.17090874434396724,0.28243687741352397,0.3947139746120149,0.4893481637426665,0.5691318373788302,0.6453753523771967,0.710357820268046,0.7804843933900818,0.824416777976003,0.8897460934919561,0.9529244875023237,1.0216373343917158,1.0652163141511104,1.1118885477072296,1.1747437984418625,1.248072657786233,1.286774871087074,1.3484138573563853,1.3693448028061175,1.418140914771742,1.4385196220241048,1.4413890149268644,1.471016534515386,1.4735227284543015,1.5389620212477881,1.6411256332798365,1.606117488796798,1.496190031943108,1.6147926775717603,1.575304906064642,1.6734841864536838,1.820642343376841,1.6929779246682712,1.821087084322575
63,0.12957119146586218,0.22911783664854196,0.3346967980516818,0.4209762377626313,0.497386330362412,0.5647803951947865,0.6193306821802987,0.6809554298948675,0.7196390714598385,0.7755730315751627,0.819241546756717,0.8551805056624033,0.9067718868649481,0.9258792734352214,0.9840214727932819,1.0119688969632212,1.0543902073466491,1.1035530101810869,1.1240373870339198,1.1641118862852313,1.2033613704945976,1.2116866343031116,1.212409130347889,1.3196192213098779,1.3035771399505396,1.322219769473359,1.363671972557273,1.382621936867627,1.3391475826941885,1.414465238086587,1.4287753560960579,1.5000653552863132,1.3569845318660632,1.372501038987555
64,0.5166661188527395,0.5615799071963149,0.6685051884615284,0.7938407998095041,0.9098801273711721,1.024433167963298,1.126550165414959,1.2019560766716442,1.2576267913134462,1.3059158849891257,1.3637995250719877,1.3803099028046504,1.4514336632908522,1.5125880864441827,1.5603201083896894,1.6116189383804607,1.6352791436179877,1.6785953794279662,1.6907618502636854,1.8144361778990847,1.750516510694006,1.798442071662422,1.7667956166996386,1.9423910838401177,1.8924480715251384,1.8318539264299332,1.9902104079518934,1.968859082040858,2.113471290266147,2.037561044434849,1.9997347990690932,2.038521271890473,2.1021411291959424,2.0952730068965164
65,0.5570840359765398,0.6113988914254026,0.7181376798753647,0.8432409606461152,0.9582831751725366,1.0932480444994306,1.173768424663344,1.2598653784044054,1.3464030320925886,1.4475280169595495,1.468638178269594,1.5580387138897127,1.593627306407458,1.6732179137325187,1.6677844633237504,1.684339220607218,1.8212634183388432,1.8057102344843876,1.8099601738749014,1.749396569671701,1.8792788472446116,1.8017495623031412,1.9392949099365941,1.8991179875485544,1.9848255653049869,1.879983702642894,2.097371932398265,1.7999764423303357,2.0007685096073597,2.0034086411165295,1.8621402659898547,2.113179681311686,1.853891250335061,1.794243942555717
66,0.1238627270702191,0.24679176500641628,0.3595136834753878,0.44414080664286776,0.5171671296200706,0.5861642084942924,0.643627863223478,0.6976894520687495,0.7662476309580377,0.8213620054116704,0.8850603056580296,0.9220606721516847,1.0064473995732304,1.0469171457720372,1.095639256110863,1.1146540298249457,1.1760503437063126,1.2301832807432025,1.3197815056786018,1.346506111061478,1.3042655554747247,1.3788974568390058,1.330216677958999,1.3965059742900872,1.4102525495881408,1.4575788019860059,1.497998350699892,1.4571811725669128,1.474468934704556,1.5144806115371603,1.54324224556821,1.5273249367130883,1.4440353558094072,1.6494432470477995
67,0.2183145898753891,0.3861000775762952,0.5151632077081891,0.6276578591844914,0.7395170178019553,0.8405453340367396,0.931212580886229,1.0341345374858912,1.0930701144792967,1.1507259151842435,1.246521638177782,1.2834937185579536,1.3519731303018254,1.3828638260231014,1.4092902490756274,1.484948915988026,1.511531773448954,1.5469568937820726,1.5314763709643884,1.590658017782504,1.5905694281297176,1.6529230243738393,1.6744949713069097,1.6860478299711157,1.6430142079677046,1.7906250391574432,1.7218008806211447,1.6781622915043497,1.6972008866030424,1.7448425494403035,1.7125545331312548,1.7724775396786048,1.6937790608678511,1.8413236272441762
68,0.14818066316715983,0.2125815941956598,0.3046867890543429,0.3896502617735788,0.4562796192791172,0.5179064842194888,0.5749509994078347,0.6261659837968481,0.6774305748925297,0.7327955847712828,0.7843605580799617,0.8301229499598006,0.8625464558674644,0.9269176664981184,0.9716291164298484,0.9998452496406326,1.0355420520965475,1.0986122886681098,1.1331515400088696,1.1195959409687006,1.2093636529608123,1.1927637197912162,1.2940174249827816,1.2377761193494434,1.2554296367422833,1.3043772386520038,1.3068078785464463,1.3264396892947456,1.4235657559171222,1.4631267931631788,1.4422946972392114,1.382682075433977,1.5798374426578097,1.5004397063334498
69,0.3493750563768281,0.4918809011710978,0.6197126977492218,0.7461950506353864,0.8796401622522488,1.0150816996217658,1.1262721074725661,1.236704741225527,1.321781353115206,1.400665030473326,1.486514961907295,1.5071348352794225,1.6051678232129791,1.6308379060460352,1.6841446870009242,1.7145406629145747,1.7665215366381923,1.6962349041726141,1.7627298545529408,1.7575415119177138,1.8594889166682345,1.8194840172429099,2.059147722340022,1.7881297011774764,1.9177392720886168,2.14729220858801,1.9363406980391626,2.0281482472922856,2.1274507608661963,2.0246910269084277,2.1484344131667874,2.0671109292223573,1.9379419794061366,2.041810473462189
70,0.18808376591707912,0.32116838101606304,0.44330556539600774,0.5389516342462742,0.6275687984873874,0.710665074961978,0.7826095205126029,0.8518423461468281,0.9182998263429148,0.9797522974139918,1.0532524375611105,1.0823787037507122,1.1231246699157629,1.1858175840783594,1.198819666801446,1.2358470857711732,1.2590712908715007,1.2764191651075376,1.3178162419782393,1.3711727040958057,1.3729162351737145,1.3951657845073102,1.3890806543685739,1.3874784938811073,1.4619317753255108,1.4651114282428903,1.409932518539878,1.5082458063134538,1.453918136618514,1.4752418471363868,1.485800770480533,1.4804675311371405,1.5703609015300066,1.424735144427319
71,0.15575831080825298,0.2503638987823823,0.351473671157931,0.43904070939901957,0.5122036617983557,0.5869888370104598,0.64079024775245,0.7091159623036464,0.7574068574710157,0.791863153499103,0.858033166606651,0.8873184657901738,0.9380350688806688,0.9803502110863976,1.0102715030694323,1.0741511307715153,1.104551830967406,1.1197819701758225,1.1554031230148551,1.1846868974393525,1.183740040351616,1.2495052284885333,1.2468516212323109,1.287936582673635,1.2997613386000377,1.3060715219498749,1.3080863422221551,1.351138104135313,1.3350010667323402,1.3894406668092556,1.432408450221911,1.3902339591239707,1.3803241941333868,1.4703251099713825
72,0.06648055929223955,0.10083004941554609,0.14386435166100298,0.18433330537637926,0.2194680914910452,0.2543426898518547,0.2850610129064121,0.3067371240990785,0.3354580554854807,0.354919293307627,0.37976992906375606,0.39609348494286356,0.4133424638509987,0.4408830845913321,0.4491533613518455,0.4688447562272271,0.48315040423775957,0.49496552503951163,0.5006182650653423,0.5301658068584931,0.5351767646098309,0.5485488312461794,0.5567775360829281,0.5764042502315057,0.5781557718411577,0.585093812465365,0.5829590693193782,0.6005935055802776,0.6196974771831726,0.6439713379130193,0.6141465273163945,0.6208144881091036,0.6369161524861752,0.6431658310203601
73,0.2456415273932004,0.36881507224736243,0.4873322746548672,0.5908291407606332,0.6734399277649716,0.7447767619278367,0.8064951221260356,0.847327378939616,0.8683475243718864,0.9316951507477602,0.9578808842684028,1.0092546729618204,1.0541540455308744,1.087572451631597,1.1495830247043624,1.134951200096586,1.1815222736399218,1.2456207031368285,1.2682486859347486,1.301859719167176,1.2594953215636198,1.331111791639879,1.378074270572543,1.4559139953976512,1.4715919416317857,1.4726084690516363,1.537545087247359,1.4680603158164582,1.4956669182676778,1.538820345220147,1.569917154271817,1.565427971437658,1.53632557065191,1.5371930055607717
74,0.25351081345596665,0.4512770608452228,0.5728281273323511,0.6740070826133899,0.7810097452231906,0.9005372595155965,1.01273429619771,1.116713317174122,1.201672063787622,1.3008514713101413,1.369627308634679,1.4349960923214546,1.5047473237792888,1.5707572463551884,1.6132914817500903,1.6592909642146687,1.664538976956371,1.814717938783963,1.9101365054959045,1.923095471289142,1.824740149957914,1.9913209022359204,1.9682159065696114,1.960966895234421,2.0954885672773536,2.180103536556108,2.1097739295290716,2.3414050848436276,1.9542783987258299,2.143157356065944,2.4482052829375722,2.3025850929940455,2.088546308672755,2.110989899414762
75,0.20804186779520836,0.3907271144461327,0.5156713136393538,0.6098850082278386,0.7053835844021145,0.7986521145271914,0.904109497513201,1.0000309613235014,1.0917079647721661,1.1436548044664674,1.2407987181035973,1.3156605660670795,1.358848384511143,1.4017816968946224,1.4790248453716144,1.4787167814890518,1.4941186324066247,1.5793968937062088,1.6425183062310955,1.7074380736856343,1.6202879284581662,1.8297491737707978,1.6122247233412796,1.7229672196697532,1.826606200558223,1.9459101490553135,1.932594373079541,1.9398125691871948,1.8809906029559977,1.8791014793832028,1.7826602253729409,2.000718385550308,1.7241219175781142,1.987669870083906
76,0.1715749270250215,0.27905382974475085,0.3919867642718189,0.4845589514089186,0.5545424981918684,0.6221232368175179,0.6794989096355694,0.7419973456063311,0.8063139356585143,0.8749705368780355,0.944381346221518,0.9835398617046973,1.060109474944928,1.0786159692771902,1.1683143324657301,1.1344561257975176,1.1910821944948584,1.2688019808935436,1.3149551955343017,1.3679777485945843,1.401511326924751,1.4469189829363254,1.3769286051322485,1.4563619237366077,1.4622260660869046,1.5630286326389753,1.552772508429119,1.5452596867426895,1.5936895554659611,1.6504053509223233,1.6040663686321894,1.6378951172481357,1.7442343273652097,1.7443572303334711
77,0.05977808194505064,0.08802910446041678,0.13118150651124333,0.1805149338888108,0.22983609960416423,0.2782314858840741,0.32205457559739575,0.36032957643724145,0.3948438735466501,0.4279081190047644,0.4561333531870158,0.4918016453466183,0.5189108277648828,0.5493901045488795,0.57048893631124,0.6116640221691968,0.6325814822117628,0.6548921845266229,0.6794683037468435,0.7113153418545821,0.7421402050607354,0.7476907580804116,0.7823438363697598,0.8098010265464819,0.8513981657691753,0.8507509024922615,0.8521924484720674,0.8967042974228343,0.8989800466146946,0.9435159822928443,0.9574286847903071,0.9917550962331217,0.9694005571881036,1.0178509320236513
78,0.0953633806405858,0.14871812167126466,0.22565772367375353,0.30201822346439705,0.36701546681216674,0.4225428938609534,0.46888775165695135,0.5162398337432974,0.5552309264341659,0.5965457783052188,0.6420006859377788,0.6859469279075538,0.7275543789665646,0.7664031824810897,0.804264635796438,0.8553956125170104,0.907598089331539,0.9565646310120951,0.9763890300489916,1.0057621347046473,1.0604117885727753,1.056457848914076,1.0939719091116076,1.158284620154508,1.1456956317049993,1.155272322233601,1.2291954990914549,1.253189316828409,1.2074477722833254,1.2257674641533562,1.199110255003048,1.37147927533475,1.3403846598158127,1.3260942415809176
79,0.15231250602934437,0.14030708103085027,0.18562528981663795,0.24155179219747422,0.2956127826040345,0.34767529753661286,0.3947828584889861,0.436988396479131,0.4769121195895472,0.5065503256511794,0.5415805693563402,0.5747234193832316,0.6032067883109008,0.6443304880250569,0.6703743079399935,0.6961236063493904,0.7338288143529015,0.7603825010648984,0.8098122731149875,0.835682892792529,0.8475171105525194,0.9177442205021383,0.8845037064118125,0.9247508257769185,0.9616505829811544,0.9874444921304455,1.0408278967169535,1.0259641340447836,1.0361625157700942,1.038965279599396,1.0869267624384646,1.1005427911981676,1.1859160205786934,1.1404302283514312
80,0.11327239015469132,0.1032255745020326,0.135307210657918,0.17761562249392107,0.22032564491768475,0.26490844316564005,0.3055705623709798,0.3446473655864907,0.3811874518329745,0.4140306010504273,0.4468574629214568,0.4840530197831346,0.513209777886927,0.5482276996632482,0.5696672218447613,0.6068190970714481,0.6266250144805209,0.6443243787821943,0.6598623741945695,0.6986017395382175,0.6883666959244048,0.7450337255980762,0.7698117783693552,0.758750475533696,0.80191302256614,0.8158267316749828,0.8493150068099434,0.8616265720281865,0.8502696307763611,0.8997066038586198,0.9343757422150849,0.9407276488431994,0.9527542487261829,0.9691542214312229
