0,0.18290199199557597,0.3434010981434651,0.464668618552959,0.5478981449580688,0.6201490074757815,0.6940779396988959,0.7634793806695666,0.851225191549986,0.935782562434652,1.002895522153569,1.0799127709224168,1.1411128311076817,1.2370734423239913,1.2960986791890523,1.341173925839421,1.396393567959637,1.4860078945824853,1.5440357090778776,1.5096912392638155,1.5337470922630212,1.5181060628648866,1.6659082589221612,1.7249712283564682,1.6391594177158388,1.6530585349099907,1.7381868951784079,1.7963361362554668,1.8046213828704627,1.8348776760086603,1.8785950220414076,1.928382923346353,1.8140321048371784,1.8718021769015913,1.8947361935306049
1,0.17217330080178272,0.34167050715078134,0.46490826618847914,0.5526477365549377,0.6333055195236825,0.7153812980597747,0.8032201638398653,0.8989398681148901,0.9952965040645467,1.0896076276479916,1.1763643402449426,1.2698368472503332,1.3107472758885288,1.4023428499903547,1.4036965404475827,1.5268699180222693,1.5483650769773902,1.5742357217318692,1.7311022947984562,1.6802069833223077,1.735081132209617,1.8200632453909067,1.7351719945985913,1.7100814382137877,1.8140889456261435,1.809459046327456,1.8287029844197393,1.7947049794578118,1.8733394562204777,1.7346010553881064,1.839426668652863,1.8279194506424987,1.9065349838204833,1.7961358438278539
2,0.24747550458306306,0.37648068489177594,0.49119959927502843,0.5975185392546863,0.6914115356702301,0.783012646818434,0.8691943168373456,0.9357119132225189,1.0184700735563101,1.0859938247088983,1.1451323043030026,1.2259401043941003,1.256137929511894,1.337912832793508,1.3845864187747345,1.4822777149651198,1.4964115869100525,1.5401461319627086,1.5374273764578281,1.6193592077041592,1.5985508372404338,1.63880632914437,1.635329326366842,1.6782356429310676,1.7032728030601023,1.7379889750600424,1.8633633082557268,1.6588801796589197,1.7127162618876022,1.6567388730520647,1.7774735119805785,1.8738244222823592,1.7776035199979228,1.769585611733733
3,0.2875007696059539,0.41658650482615756,0.5318449320056288,0.6266503648622251,0.7198084905442415,0.8107737461800214,0.9102523393636343,0.9841428389253069,1.0611887130346607,1.1587737257321733,1.2094537350977657,1.2828806874094045,1.3369692945573892,1.3998163864518647,1.476198022508042,1.5372904641986334,1.5830939370944985,1.5914277280950537,1.647054776005407,1.6027893536431104,1.6944422641639625,1.7230897517267885,1.6594915006503044,1.7410443766490387,1.9501340201714983,1.7614187521753828,1.9193481624886155,1.9588135538912212,1.882273476768887,1.8172061348892192,1.783041018188174,1.8749584130830288,1.921115490442097,1.7720867036293502
4,0.22331541736525345,0.3974131156483773,0.5326182114861504,0.6592752435125258,0.7693714183365999,0.854075305951342,0.9356496909001554,0.9999057076940875,1.005974974079445,1.0494480744963,1.1044928693375318,1.0969169625173283,1.1520338198968298,1.1442790405174519,1.1752731872342652,1.2069047435990203,1.230277479282393,1.2134982499734246,1.2516225007800414,1.2333158335598464,1.3116994154965986,1.2822376266115476,1.3348754464821906,1.311888193049243,1.350824181671583,1.269597691675728,1.454731522673119,1.403354483865199,1.5029193190556465,1.390113589186886,1.5208141891317979,1.4673165008012043,1.4862957145000957,1.4350845252893227
5,0.1500879592209442,0.28407993770082546,0.4010921256045706,0.49463270977092305,0.5736093433832212,0.6543051668867351,0.7195002599462469,0.7680302696959906,0.8251224480009194,0.8675880323404718,0.8724849703311021,0.9006489464387639,0.9307137222153382,0.9694920192085633,0.9951970170895238,1.0235340128353698,1.0575410334311857,1.0790849430458078,1.0604188849108873,1.1502251666865675,1.117737179577792,1.1566912706951105,1.2451147476571112,1.1981824001912318,1.2718414486006064,1.3309168916509366,1.3210229707666667,1.323837006186144,1.3780444616477487,1.3875690585518912,1.466337068793427,1.462834438242225,1.492014524326999,1.5354637105969449
6,0.12217739476393216,0.23351091868624205,0.3354635227593859,0.4159640637930612,0.48232666597267576,0.5334178938128529,0.5819368699459284,0.6189070294357052,0.6428242217073598,0.6607072895038314,0.6962162366773632,0.7249524310499816,0.7424993003496729,0.7446627822512062,0.7975603367171971,0.7842208312605783,0.8366785180133518,0.8401658892499321,0.8743832134820881,0.8762713516261899,0.8588700419283172,0.9241544683343696,0.9305646937878163,0.9489276611871775,0.9866342889480189,0.9470441903570863,1.0161360668438713,0.9877496958562999,1.062054692934312,1.058657973161077,1.0847424408039592,1.0630002168792327,1.1871656860095547,1.1748647201678655
7,0.12701826926481288,0.24539586681525208,0.3545383523909679,0.43695696597691147,0.4993143888037908,0.5557368595214033,0.6014484317125858,0.6410305546710264,0.6795883803527735,0.7044996509996674,0.7400069292711204,0.7705430490878958,0.8247589346993045,0.8336289296466745,0.9025911819861562,0.9245843982786359,0.9317813236649423,0.9653337085844355,1.0085627361656184,1.012168223204446,1.0511665118846711,1.1097397826942925,1.0717392704170132,1.1511958301409937,1.1671322351048659,1.182603235732496,1.268046533449562,1.2596431226531828,1.3096416424915454,1.3650169626726056,1.3605418650174759,1.3596261140377293,1.4099841322422952,1.3547564776052898
8,0.22856276232715825,0.4254505858038661,0.5501144014907209,0.6497388947467768,0.7545810047337943,0.8574328236685049,0.9634827642878725,1.039656889038581,1.1400527087898906,1.214829590318871,1.2949320743231507,1.4047049229630704,1.451183381722783,1.560749783875185,1.5557239856384408,1.5748116705317614,1.7113522636463459,1.8523840910444898,1.7883242202297345,1.9534008207844709,1.742969305058623,1.9186975855304285,2.074885725143975,1.880170426572108,1.8892912550558054,2.0614230361771577,2.0157059109908553,2.0417689253806657,1.9440035707847318,2.113684565102049,2.2257979497802753,2.10684051586795,1.987633992426713,2.23766554689473
9,0.26371798407003344,0.470452644615031,0.6043575658311184,0.7415209606829587,0.893057363604413,1.0448225327098228,1.157002526566561,1.2691065396375247,1.3255362825708008,1.3828196777449213,1.4533786327272822,1.4816461650995425,1.5445109663547647,1.6411256332798365,1.6729819034051632,1.7389812638806674,1.6954386779178066,1.8198314880067414,1.9004926693645205,1.8491425971203188,1.8561317531447297,1.9372437491229153,1.8893193687663954,2.0315855205022006,1.929485269387913,2.0672710060595807,2.1015174933790357,1.8620460019562268,1.9703016021794726,1.9581802416471277,1.8971199848858813,2.041858830530793,2.0308668715312788,2.125847914493992
10,0.15314237035584494,0.30931930219060194,0.4297212534035015,0.5191700930850285,0.5953613457452035,0.668831512298897,0.7499105414767805,0.824171332400345,0.8965358646314757,0.9860148150794693,1.045599936882759,1.1332868619302607,1.1811208503651855,1.265622949821781,1.3242112467189575,1.4015195687169562,1.4636007146438323,1.4940558383152551,1.5446594310602169,1.5542091544863146,1.6390322771856505,1.7088347346238772,1.7386177454787222,1.735580967274455,1.6148287610689769,1.7568044541944783,1.6722143185782723,1.6109405423186354,1.745089696947431,1.7681496035889213,1.844601950602435,2.1695926386741333,1.8800520763737332,2.209771793388308
11,0.1330098992501964,0.27473157217695743,0.3910481607614784,0.48273252028177843,0.5606764676000908,0.643242129999791,0.7221741772286037,0.8044570855698542,0.880591760412916,0.9640260034741069,1.0217265034019747,1.1073647658060113,1.14808085799477,1.1986386894655068,1.236585855007756,1.3140398738212868,1.3702880636876698,1.4136457513818463,1.4376132175529175,1.4527698736908625,1.5271833463793607,1.5333477790763872,1.4816045409242156,1.6085406490271106,1.629743178594846,1.6028589413360579,1.7333214646824813,1.719216136548627,1.8843110265933,1.739115735742633,1.9034949702545918,1.843431479772376,1.861300887080928,1.931725514063357
12,0.2148115108280889,0.3845506662846477,0.5059891859952387,0.6101106508445931,0.7170366611541369,0.8031480757742738,0.9041270208254021,0.9910161696406721,1.07692541464023,1.1806741193032884,1.2470014776202198,1.3368460857059095,1.388546332545771,1.50377541881837,1.5189712891150084,1.6005376629638364,1.7013166516270979,1.6393940694335196,1.7346010553881064,1.7436101253304723,1.8494498828677512,1.8162197667982156,1.9938836533181894,1.9089725419166006,1.8562979903656263,1.9291265383024918,1.9118075115152906,2.131378011538633,1.9676501356917193,1.9799559904650303,2.1151596242819153,1.9731845669749724,1.9891189033865502,1.9843764298831092
13,0.26241746246900766,0.4450836015066187,0.5828098217764,0.7158852226774978,0.8394219434842588,0.94857488200722,1.0392833727572242,1.1171632952085326,1.1528747842994824,1.235677487587361,1.2903990347812615,1.3576341276472212,1.4355091312083395,1.5221501778359685,1.5084329768159292,1.5771241667445954,1.6622554682735147,1.6913250719062847,1.7224796948557617,1.8805906829346708,1.826721631790195,1.8777853331784256,1.9495051199731723,1.919241901973152,1.9473521103722145,1.8521860124066232,1.8452481541790413,1.8787708462176846,1.9201406358762618,2.083976696845227,2.1742877919931214,2.0986993582842506,2.149311221640322,2.3158303197440664
14,0.21790183056419177,0.42125137648478006,0.5551332754600505,0.6707181857628197,0.7838455995415676,0.8924792076482772,0.983870128264352,1.0813409215060135,1.1110326507061123,1.1997477164197523,1.282501811046842,1.3174774066005843,1.4178670522712902,1.4786583500637454,1.5971803534480165,1.6035996973525637,1.6510595871249198,1.8003727869061699,1.7623743970683112,1.768076984584496,1.8585399504320657,1.781347638303122,1.9416044373441015,1.8175435863837697,1.8718021769015913,1.842531794601478,1.8971199848858813,1.8279391258055575,2.1371690103351177,1.8843809591084517,2.199400856758815,2.056452023455137,2.1055402946471973,2.032692562105763
15,0.18455220875189288,0.3654111420602886,0.4960003623152784,0.6098271488181933,0.7245360230795186,0.8184783952662992,0.9193521657610887,1.0043208852357368,1.0419002981623688,1.1047438574881225,1.1614723422540267,1.2056919734807137,1.2925850354461332,1.3664276878569839,1.3699630237336695,1.433003995839783,1.4547621603973513,1.5420637595700457,1.5598728001826296,1.6050204563273778,1.6819105612470915,1.5732977736674603,1.6194296691660208,1.701375407759786,1.7528366632788837,1.5980917360467988,1.7041458639757192,1.703501986158178,1.7600981873215902,1.7689013311520048,1.6699545953438515,1.7862498134170854,1.8526387059408367,1.7171115402577586
16,0.23648510231056272,0.42287261944869764,0.5565641729623562,0.6861542864035305,0.81298588593143,0.9077617373900279,1.0026572195887624,1.077100656451097,1.1109624195502847,1.175352436011836,1.2107967587378352,1.2774763071664037,1.316554049580203,1.365607722511169,1.4382453339264119,1.4349326188633889,1.5348060714975247,1.5571018650844943,1.54808988852959,1.668889717401291,1.7431986365583094,1.6798005618576604,1.6604234671669682,1.651479501929023,1.8094144044667757,1.9243168674247453,1.9087863611811142,1.995791512392911,1.8874139423737049,1.8898568298134082,1.9221765647232187,1.8349316410932637,2.003068562895262,1.9049837213460958
17,0.3229162071171837,0.5154543844783017,0.6724495863869857,0.8385550174971264,0.9938071743019834,1.1444457012842497,1.2502061203552226,1.3613170780336934,1.4541728864635446,1.508136797714491,1.5273009042853312,1.5456098709001278,1.5616189364277637,1.6128335014352386,1.6826413164573952,1.7978102207582092,1.8036708174214031,1.7867719277170158,1.9358090530688092,1.9830278120118159,1.9205923410710233,2.0804253095899687,1.9712558584360698,2.031432322493475,1.9277278299721228,1.9997347990690932,2.059906735659194,2.089010992695987,2.17050543060271,2.1720050060041034,2.020352625309829,2.204145020180793,1.7797832781813394,2.1892564076870427
18,0.1586883810198453,0.319568335848445,0.4376401855161566,0.5253658719185865,0.5982886402076582,0.66897442617914,0.7397094687683987,0.816747133650931,0.8949651830281274,0.966675929693409,1.034844183593298,1.125877058086385,1.203565389368172,1.241159332560071,1.3008020486787895,1.361644614551773,1.4468148650748123,1.4673041868572019,1.5530382239719758,1.5440311643979934,1.6720734834255855,1.6253444847336351,1.7280436548419473,1.7305360091399369,1.7612048009060826,1.716368623261444,1.7878146909370387,1.8622327258854408,1.7643604950399405,1.9130636352830175,1.8964947894919628,2.0201800776431083,2.0515127661548256,1.902573835568345
19,0.15703897710527007,0.3141722979815578,0.4318854539538852,0.5153154794209021,0.5780097654437197,0.6374054979679818,0.6978663246506198,0.7530270964154021,0.8000558404370542,0.8845658282589101,0.9443489518250165,1.01059773486805,1.0889218821029758,1.1511226855450665,1.244951649289615,1.285169722935969,1.2972542919405023,1.3687456530708777,1.44428161877024,1.4221453429181254,1.5178219681468696,1.530309819053106,1.6094379124341003,1.6365398422118917,1.7083301856209299,1.6241933780000197,1.538486176461816,1.715660125689408,1.8873954349938864,1.8505999692509885,1.8575307827962586,1.6370112393382,1.852978091655956,1.7966494545222467
20,0.17569946469122724,0.29704972583050193,0.40741537406098516,0.4940938130543146,0.5692034849992673,0.641234296802626,0.7090289672218685,0.7582578271591545,0.8200497568973845,0.8631062078768584,0.9223955674310096,0.9692684306106503,1.0178664167265248,1.086715787843808,1.0873748721483762,1.1831862983458719,1.2305663938993838,1.2400778089680524,1.2566411528930197,1.375433121688286,1.4532700861841021,1.4242469132121929,1.5146969656037343,1.478985024036665,1.5487016772462678,1.4882243416809278,1.548681703013028,1.49334835728405,1.5943242746240522,1.6784307839210517,1.5282916548968686,1.6295728208431561,1.6431489697764121,1.6177367152487954
21,0.1560013153052549,0.2540343206594711,0.35505908826882177,0.4371512111427497,0.5073764869767341,0.5769256915565104,0.6351643292097239,0.6990514049613152,0.742954165864639,0.7849162195019275,0.8571474777528716,0.8878240537785685,0.9367348645916718,0.9947693809999645,1.0313651260911816,1.1079053355797024,1.132161523859285,1.2124039810782872,1.2214809755485923,1.2263844025590591,1.294183030656337,1.2618401866464846,1.3539709265523698,1.3790216017908108,1.390193001535548,1.444705123276305,1.4712559178650233,1.5451003761228514,1.448925576701194,1.490091154801534,1.55814461804655,1.6258439478212103,1.5515439340151977,1.5254071635826085
22,0.2151565589741061,0.3881586841768443,0.5126897665196568,0.6042697445589882,0.6894654489002909,0.7797552339535067,0.8561565311380507,0.9305285145369274,1.0234114303528727,1.1028329074926488,1.1795707640936983,1.2486836007021296,1.3199401336278347,1.4181250053775096,1.4309022834112035,1.5819940438600213,1.5655671350644866,1.6707384382978963,1.7283898552954657,1.6990943669311966,1.7055741972007308,1.7349259944648892,1.799507156018881,1.784933504157655,1.8212677038480367,1.927891643552635,1.8664566124351716,2.0410638465809368,2.0168059706883508,2.052882268607481,1.825432684334643,2.094675786251684,2.0988596275369376,2.3978952727983707
23,0.16984654053751336,0.3266097765413449,0.45042416703004573,0.5460228994281833,0.6278634290975746,0.7064792272986029,0.7964693649544766,0.897189463981253,0.9660982748089337,1.0534513819532403,1.1356120986024012,1.2042984841855155,1.2878291730905833,1.3014624256031933,1.3761601462199249,1.455694896697282,1.478749075811081,1.575291772277317,1.5535994687027674,1.6454483499571335,1.6335883726663833,1.6227871487530952,1.804226237993185,1.8414591377803275,1.6750351949199136,1.8044018626432314,1.8778041955865898,1.6824630474489903,1.958124041349251,1.870956510889248,1.9496624986738638,1.9109479864931733,1.7561536137738407,1.7667581670226378
24,0.3057529557370421,0.3625295042782458,0.4654767417548673,0.5583760388614142,0.63259248189126,0.7036663720007275,0.773494932107487,0.8476416802289953,0.9224731317824726,0.9815347204131186,1.0516521321810408,1.0996356057663998,1.177605702237753,1.2297961879073962,1.2664082752667283,1.270286504752839,1.2906512364148706,1.4098248585300848,1.4808827797958057,1.4803782992009713,1.5077410145293413,1.5023008818304568,1.530571711908872,1.5171739356961196,1.5712806730009954,1.4861603574600761,1.625206964552332,1.554378135251073,1.5993149048026518,1.6914510640949354,1.6536628061719576,1.661884387806643,1.6820086052689358,1.8429386018482574
25,0.26560389251493643,0.31070708039632566,0.40366795758255786,0.48742136388009866,0.5663884582537884,0.6352832571394492,0.6990854085218771,0.756299672045265,0.820655597908718,0.8761070511407416,0.9099450194747252,0.9657052586936853,1.0160298115257347,1.0637055651369096,1.0715683870034285,1.1490392529772075,1.1673613423420244,1.1702071360624962,1.205036068647266,1.1959774802610839,1.247140554044148,1.2989559195320877,1.3040865287687275,1.2558772656247268,1.3610438501510034,1.2976200784138894,1.2992829841302609,1.3871964811630286,1.286254470801669,1.4578358163373886,1.4709882399691578,1.373599441638642,1.278920759729383,1.5105082871065645
26,1.0056448818142303,0.8815131304193559,0.8714797647737398,0.9174182743848709,0.9153434337999653,1.0870230801914238,1.1606496437436775,1.2321436812926323,1.2862331360006654,1.3538669646456778,1.4250858980897638,1.4524154240962113,1.5460380806958827,1.5684998480396508,1.6097844728257167,1.6578102783939872,1.6313620591386242,1.7565558340350753,1.6801644400877391,1.8621402659898547,1.796625658879228,1.706984729270138,1.8274400642478914,1.9216174564862687,1.9735616803858234,1.9997347990690932,2.060236561843786,1.9734422524455149,1.9627739551073182,2.256915056160857,2.1646484069016068,2.3048048497323586,2.100445814450368,2.2975725511705014
27,1.0872097392104367,0.8874452839661207,0.8386852490580076,0.8717796522737946,0.8044745535525677,0.9893603337383354,1.0519120426821404,1.112421338151095,1.204571939876875,1.204559572715956,1.2826500045013374,1.3334361768443994,1.3370150797971516,1.3787876234561371,1.4790935540430574,1.5570080390266776,1.5922984025574043,1.6324863078703913,1.636450711680169,1.7120741323304982,1.8120991534651778,1.7856325354005522,1.791759469228055,1.7481388467521648,1.8542429605294894,1.8532616689858488,1.8364677078197869,1.8831616326351743,2.04891708346919,1.8226311328951421,1.9249888838946736,2.10684051586795,1.8349316410932637,1.7941041361873091
28,1.4054880937116152,1.3447921528157027,1.2314549880758154,1.2274865631623577,1.0014966553057696,1.2962718043641686,1.3209075735758191,1.3317404922337086,1.3895507570632855,1.4233913467278074,1.5423006733222604,1.4788578254441582,1.5917768751881243,1.5956485528870343,1.583292632329778,1.666355275290599,1.6882964873464201,1.7020061108111193,1.6933580968540574,1.7470235753866634,1.8015634693246758,1.9189943710924109,1.8535677565999311,1.9424479413268423,1.8101086078962516,1.9824372192926878,1.8141604059172216,1.8650907423136047,1.9047828576314505,1.916922612182061,1.9003614788100522,1.8331446853909092,1.8415731749402742,2.0162093564563204
29,1.3182476365415798,1.2732464789115896,1.154433577615166,1.1466887666180816,0.9318592483170873,1.1676257509036385,1.2087476320241104,1.244708541756883,1.3287202493606625,1.2952793792159205,1.3517540358677145,1.3650908941495343,1.4092942475721928,1.446591038815064,1.476227495578663,1.480144630564646,1.6326122765576494,1.6053056751491899,1.5587636214708336,1.61079753195014,1.5778325730187692,1.71740372700369,1.6636622305549074,1.859352760360583,1.7097858862683823,1.83748171856615,1.7319715508490816,1.809573705503182,1.7935123180554695,1.8590631511241618,1.9353503888403112,1.9187591599893623,1.9459101490553135,1.8107045554705044
30,0.21953147882499013,0.3303449402700092,0.44408133506860675,0.524155207921666,0.586781155401566,0.6510452125909357,0.7155879886709874,0.7968556400984684,0.8651828733541413,0.9471124769399575,1.0387686118347463,1.0868969496604832,1.1665548564320025,1.2475523066454772,1.32982290203664,1.4028485390023953,1.448923520190332,1.507574777308445,1.5302438168841141,1.6392908755837816,1.599578143517812,1.673680181162454,1.7237313831512024,1.880440295687226,1.817612848054389,1.864784604242945,1.8193975920481833,1.8207470061013074,1.8515312125279724,1.8089715981091765,1.791759469228055,1.80280930541464,1.9011441351856067,1.8597101311365627
31,0.19059605378932162,0.3090228873642028,0.4227327807219636,0.5077665908168959,0.5754015383502209,0.6378068084687396,0.7046812596897382,0.7838571927675803,0.8483701085652501,0.9229381427206103,1.028281325991318,1.0865199028485124,1.169009681425296,1.2353150299071374,1.3124925036084918,1.3539879605241938,1.422743170827923,1.4796263009121098,1.52776975450137,1.559859394116921,1.6309161217424653,1.736593087919347,1.6987830127699504,1.717651497074333,1.6322132239961529,1.7031519227056031,1.8693177035739295,1.7750924167428432,1.8829576710733769,1.8008919527913274,1.7465343712231192,1.7416096855425833,1.8144877203056111,1.9611776211861016
32,0.37883540735787685,0.37275768346031174,0.4614558980958278,0.5386736539785562,0.5998165818937168,0.6581398661250687,0.7145424380883649,0.7787617213481621,0.8498097172328999,0.9063071452985481,0.9655731431615748,1.0318889217013758,1.0984349679831873,1.1599923583293303,1.2249364428876832,1.3217558399823195,1.3389894830515598,1.3884583957233396,1.463496395147895,1.4501652599497885,1.548227181389204,1.519081429184556,1.6725419189088024,1.6556443993001606,1.6818870509201793,1.661163212259295,1.7803307734044322,1.8081410715999409,1.6079100282560472,1.898324078950686,1.845207303671468,1.6890143109362121,1.8249575386376509,1.8291470012996753
33,0.19847996770659995,0.20669236251838602,0.2707573974065206,0.3374112899733978,0.397568246893447,0.4542606631277066,0.49926050220716267,0.5503511595920876,0.5873325666577308,0.6366898174102875,0.6688926480904809,0.7191917034213869,0.7541777728543702,0.7956135907517056,0.8333401176159129,0.8722712044459646,0.9005541763351691,0.9577861837815945,1.0045281906431118,1.003778185997271,1.0181669234493704,1.0569481888349324,1.1000099129347476,1.15487374437298,1.1101797976395433,1.1084403776043723,1.1982828885482575,1.2301523099077072,1.2777589743851672,1.2330490684074449,1.220447641529441,1.2430489147748949,1.214856754890277,1.2557471545356955
34,0.2509010405290131,0.4254344655413167,0.5463078805527432,0.6408226272446086,0.73279755569946,0.8359191463757651,0.9123850636976711,1.0140222203674902,1.1239228418379232,1.1942429536404124,1.24129721998689,1.3296069630003884,1.411084921699958,1.4806118618502682,1.520984441397089,1.6225041041823,1.7332400480327315,1.6970443504350412,1.7200155643692137,1.8056165038894811,1.8540258579540556,1.8529928449440953,1.8678640564814546,2.045931762780958,1.8865378755553444,2.0402208285265546,1.9185552656059464,1.9614444420174975,1.9976115234322038,2.0243817644968085,2.001050907734113,1.924248652274134,2.0963433524824393,2.23453162974903
35,0.11105880892825619,0.22956046715482062,0.3438531389471377,0.43422166993281025,0.5074679726030139,0.577230591550983,0.6319282943567419,0.7001352182083179,0.7617953235171973,0.8107538898004116,0.8853444072555893,0.9444944425545115,0.987172215993518,1.029964423222186,1.0853535528771632,1.1356810249534508,1.1999876012149728,1.283156293088626,1.2279956565697858,1.3283679718174106,1.3483181562636772,1.3320012787532283,1.3235241870390615,1.3387438862333365,1.3755990720031426,1.3390806236396253,1.4398704956052637,1.4269461283863514,1.3769144069900752,1.4457418197633105,1.468425188157289,1.4378019182658226,1.4115411438546743,1.3210229707666667
36,0.34648631977391425,0.418086349548951,0.5208839491556008,0.6129008115430369,0.6985654827615844,0.779109110356405,0.8651450544789303,0.9271434927416893,0.9861077761721903,1.0576395563596277,1.0939982609615089,1.1405722947280061,1.1607160828729841,1.2577072185278895,1.3081493021434045,1.3050081906083006,1.359346622710123,1.4129152765253186,1.5660270485997432,1.5301347049791394,1.629807808347175,1.629725421809534,1.5855814520721419,1.6667499243082962,1.7012646351205145,1.618287527711083,1.8129969944721207,1.7183890962226553,1.7350534417337542,1.7670309364523316,1.7424884202212723,1.849957708471043,1.831650798255357,1.7696923751993765
37,0.3717641061254857,0.4550547593032276,0.556376224727613,0.6509479182830463,0.7469423670080865,0.8293866636381686,0.930249418476519,0.9940558311822756,1.0687070857378238,1.1223061625252295,1.210510279844539,1.2762786248165228,1.3314070937193798,1.3852265553590606,1.4610501648600631,1.492061960031863,1.5508402929758438,1.6669162285611703,1.67377862919955,1.7890676775623435,1.716897064748848,1.6576094561074661,1.7151829695310048,2.016501741905962,1.9256163297154996,1.8724594230639298,2.0273255405408217,1.8772264443663107,1.9406699623917572,1.9935802510734435,2.0422188311892278,2.005333569526114,1.943675511253897,1.9859154836690123
38,0.1298948005601141,0.27626673666574286,0.39528679724446214,0.4887494374307307,0.5741372904709662,0.6526447218424964,0.7288681241917949,0.7901901566108416,0.8421784635326554,0.8807245556980098,0.9439487883167922,0.9655568196898551,1.0366616998065712,1.052662959362881,1.1102522694572456,1.1192980497632485,1.138006069948855,1.2154214112040345,1.2444251329126592,1.241675846005902,1.2481788968304317,1.3150052773725889,1.3001916620664788,1.3556171088728435,1.3845445793961029,1.3222423396270402,1.4215355947310067,1.3491316147364991,1.4911022379131407,1.496262081686282,1.4643753222103881,1.5414872505255928,1.5594705850916535,1.5264409928631324
39,0.1841649989030736,0.37380273125727326,0.5059728078492427,0.6108720565796506,0.7119338390105024,0.8113071924006108,0.8993498659037312,0.9791873971769584,1.0740673401525391,1.1099961943813812,1.1396104791186947,1.2218693643922711,1.2680615840572307,1.3436599104054565,1.405466002720649,1.4356588528632601,1.496205608024478,1.544445046280495,1.6226507300512245,1.6105899862942457,1.635190408536515,1.8113893252729412,1.746465601344299,1.715283747198759,1.730959270201091,1.7225461148827526,1.7513870139376675,1.9543609035730365,1.9624892778582246,1.9110845252362536,1.7406301227054506,1.9814378642477182,1.7896739627370337,1.876066575688049
40,0.35445436805776154,0.5282812823640793,0.6679377196446783,0.8090642923156,0.9462206770485715,1.0727076822663488,1.1820116930221725,1.286098134385968,1.3592314810412895,1.4360927853506948,1.457999776207384,1.5043891660695243,1.5576359710366008,1.6331905516505043,1.6258466671004925,1.6543595998256122,1.7007660063393033,1.6596034034603981,1.8041982548110755,1.6959115104379272,1.819574157410932,1.8727513938689235,1.78640327002753,1.8664209979970745,1.7760491763217365,1.9459101490553135,1.9295771950332627,1.9854540161942797,1.9212175364649418,1.8535937198359904,2.0907410969337694,1.8839906934440886,2.0560212674717375,1.970242249714844
41,0.3450453947817553,0.5131211474143402,0.645076956404183,0.7805337117142722,0.923495067828691,1.0523236057301968,1.1603444468787232,1.27117995224383,1.3532628334710262,1.4376910627770645,1.4250416660992855,1.4931589806482417,1.5677169138550946,1.5021113801340293,1.5950732091104645,1.7053526262618741,1.7912938114780808,1.777685742016393,1.7730015921574982,1.7624630997396242,1.844601950602435,1.7942316583734441,1.923095471289142,1.8775418221915563,1.862402629890087,1.8553505720095862,1.9088688773749642,2.00005651242527,1.9971213382660862,2.066538136843928,1.9076701957810338,1.8644492025963326,1.958622184643675,1.9638881613507215
42,0.0423869936431968,0.0733107967203934,0.10978722341896018,0.14783599993078822,0.18468731078055642,0.2194353066048693,0.2524389496669155,0.28280194466630504,0.3117066020146711,0.3412430684662602,0.36780034949331,0.38924335362256113,0.41547138590846916,0.4387027025224501,0.4636001922105286,0.4719277524812715,0.4988128640534209,0.523996614221853,0.5323549806185665,0.5633136500973276,0.5633141689744671,0.5931508205332301,0.6075913455884974,0.6007238983168548,0.6335784957077154,0.6474268962579626,0.6691231462299024,0.6720064968575586,0.7051787926123448,0.7149518105267981,0.7347389806291179,0.7494340177968333,0.7716440539482233,0.7421393853402273
43,0.09639795827568108,0.1676484272280014,0.2472545096280206,0.3238520182141218,0.3920616395292029,0.450199736029824,0.5006023293853804,0.5447673191561754,0.5856150135492132,0.6197333413182162,0.6582709199372442,0.7014331900067222,0.7394743332573915,0.7951087779838052,0.8418588874756759,0.8968767437815182,0.9498608573676233,0.9911920400472728,1.0009029197458033,1.0637955508075474,1.1058423246815907,1.1726395473143822,1.1913940221190757,1.2999140980672708,1.242797947853806,1.2982065577615225,1.3348279215496721,1.364188703656285,1.4588303311296735,1.4865065115244223,1.3136231708225314,1.406323642995463,1.5450926093436959,1.5650566195437157
44,0.27604000163990294,0.3412102693692934,0.44484457661977245,0.5391578582879324,0.6225075560091694,0.7001842664417282,0.7612395846745681,0.8212486285047575,0.8745821869553171,0.9083432710707625,0.9218373680151886,0.9869748227770739,0.9763983789451207,1.0009738191041937,1.0333802643662182,1.127217099249773,1.0781391326427208,1.0961122873660252,1.1500384519806612,1.1320848013154188,1.2033619307577643,1.2029413447192736,1.2200281950792335,1.1961106531529875,1.266845289485564,1.2448577889882546,1.3162901967774938,1.396428026834696,1.351565389990836,1.3086434268898246,1.3634100672863028,1.4075969418237588,1.377232810442316,1.393331687840467
45,0.16296640510558655,0.19211597199636873,0.2524965366862109,0.31512114800067015,0.37300803399041377,0.42013811305364496,0.4655273352408245,0.5088064548113387,0.5473185894163536,0.5818764035914236,0.6166351740070243,0.6519517590963313,0.6703888067321799,0.7095083679882235,0.7314293671309622,0.7660461777059775,0.7938116476516067,0.8103104455116434,0.8411353540482904,0.8453426518013042,0.8883682712545319,0.9255899206353986,0.9376715268991053,0.9909993246872623,0.9920738632107007,1.0063925665713418,0.9950350993857111,1.0520055314796213,1.0676500630641428,1.0366328011475983,1.0515156050050107,1.0617457047338594,1.1557707025080584,1.1194246944140442
46,0.0827488444132638,0.15507849229123455,0.24381166863301867,0.325977310109719,0.39494111793097875,0.45277145488581133,0.5035543416022248,0.5477187540235766,0.5815500163819096,0.6307699147241496,0.6674014641415295,0.7137368963995868,0.7670913564950665,0.8001689826407653,0.8424466119647079,0.8890707606400673,0.9568591541263043,0.9946225751440622,1.0212559124803806,1.0395368538385041,1.1160532209813072,1.1140586676783448,1.1620767599381248,1.1726703444317745,1.242797947853806,1.270256125942885,1.2486202698203575,1.2663004026084368,1.4441139320087168,1.3673364473752765,1.4593986194485062,1.4241405036100054,1.4005238502238553,1.4822356548612252
47,0.17579440943072824,0.32923438916238723,0.45028835019612434,0.5333513868809149,0.6021051653041458,0.6758407657872741,0.7575932418019302,0.8475663212690321,0.9431458191773314,1.03185488756069,1.1199759004307026,1.2056066247649393,1.3024565824778027,1.3373310517677908,1.3739094498233075,1.447088488827061,1.5603106127892046,1.5509260246845062,1.5613617789983254,1.622683139184121,1.6552265735997758,1.78658385693547,1.6753401321329326,1.6985413403959542,1.7937534878349195,1.729239112246721,1.6885752329928243,1.9669635582531457,1.8033875072231742,1.8997481072921507,1.9595855758549887,1.9647786333596962,1.7936303771638666,1.874062064869029
48,0.2201256974313376,0.2630126096364259,0.3557570418259952,0.4359256108153268,0.50138702564902,0.5610864137234306,0.6083238058075529,0.6626750270579709,0.7122318434320529,0.7567728764401569,0.8277845477713108,0.8693765093108246,0.9523902925963585,1.0136146054721036,1.057204731093373,1.1315996479301609,1.1743818507914912,1.23467084968337,1.298971068968655,1.3446109405712219,1.3681450426142134,1.3897896460485328,1.4038856369249852,1.5298599042079677,1.594300442686872,1.5094566458960101,1.5327762917078485,1.6809882173004886,1.6122909814165067,1.6882187902872148,1.7213786724662554,1.7122952978738082,1.6531493455245168,1.8364097429657937
49,0.3953445222027533,0.44057621658845253,0.5401636225591874,0.6178873941716643,0.683747633548441,0.7631134503250515,0.838008781091523,0.9374877448841726,1.017494137270427,1.1187773555119305,1.2079142508699008,1.2836970216410664,1.3593671107281027,1.4001796161412823,1.466551316250058,1.5389077616282625,1.6633292609353085,1.6509702563156952,1.7011292704362937,1.6602668132933807,1.7798403769908446,1.7310830218564273,1.8193262990607095,1.7184625929092128,1.910130221621896,1.917670089481097,1.9599399972657519,1.8805054520298932,1.8895331378728233,1.940795048388543,2.1795250002368185,2.1071162638360565,1.9633018917671825,2.0395956331326364
50,0.4474938564825782,0.6560533860420688,0.8938050978862384,1.1144516237225637,1.2694663297159838,1.3496038777424,1.3627793780488247,1.4158410007596112,1.405570863118867,1.4366500532046977,1.4094957832287036,1.4682549953758528,1.4740874971069893,1.5390854214311094,1.5628522131970952,1.603217052558998,1.6279840760265871,1.7537241472904448,1.7758179912303667,1.8278857715370127,1.8352445811677938,1.9882347734601036,1.8110005691550761,1.873437500242322,1.9398384849867636,1.6961113945058337,2.0614230361771577,2.0349259364173724,2.120803930701218,1.8881513149031208,1.9001275059498366,1.811640839781884,2.023468383401188,2.1000608288825715
51,0.2686448249320232,0.44234331067319493,0.5853422053393409,0.733250553668538,0.8539511350927476,0.9460723963178774,1.019918695076677,1.0592962709951559,1.0915978917670004,1.1418326489764248,1.1517152503520902,1.1896512644009927,1.236380802020195,1.2483397276670591,1.2647226958995683,1.3340807406090054,1.3672316412935368,1.4116121691041805,1.4793976144859393,1.4870631993105439,1.5068171245173945,1.561882940157157,1.5305439699644374,1.5556132624203203,1.6379058338111199,1.7112627732596188,1.7047480922384253,1.7168435794379815,1.6810081049353522,1.7624217309854384,1.7365599198734394,1.7994815153219654,1.7058170394273304,1.798493501409399
52,0.38725984791672585,0.5170245851929668,0.6460184847721132,0.7893568633977653,0.9334887202929216,1.0447711721405242,1.1493785060709367,1.2208031727789128,1.258986911502501,1.3308765444177015,1.344090230035209,1.467168669672953,1.5051305827609327,1.5387825301735354,1.4850899894924445,1.6193487963335544,1.6422277352570913,1.597783359438118,1.7198861348757495,1.721543688423673,1.8184074107109467,1.7569954767917149,1.7815220601348347,1.9355042278941967,1.860279415664811,1.859897274395273,1.814905499121018,1.7518428618226125,1.8870696490323797,1.8924029950077426,1.9720949280503801,2.109716305926428,2.069779630768099,2.1363044035743792
53,0.21877692239702778,0.3249887830023393,0.43406687048582343,0.5302188338980672,0.6220056046677044,0.7039044212394413,0.7813178616217094,0.8549847116105264,0.9036465392253552,0.958153604611021,1.004757028030098,1.0771625216332377,1.0984723991805765,1.1699390537095422,1.225885431011547,1.2080315421407248,1.2885138616907288,1.2682356535113823,1.2720397974483035,1.2924515330095154,1.3260404332998101,1.337161672542246,1.3643895257318408,1.4090435745804513,1.4197852004454767,1.4173527581398633,1.499794734984273,1.5669176440836536,1.460114273355158,1.4670267239931756,1.5538680612792897,1.5040773967762742,1.444241605165609,1.5994592123842042
54,0.21972563658777705,0.4135558401665876,0.5472530810343448,0.6585031715845053,0.7724242928292484,0.8831533609991482,0.9980627353860281,1.0968165669558074,1.2055995866531046,1.2677757608845532,1.3552964204648832,1.4414979109320132,1.4637570096903263,1.4996781595465858,1.5751450697726836,1.5759874352900225,1.6135204765078104,1.6048589168984124,1.6735665135003441,1.7821506101214182,1.83883637077142,1.7203598577105386,1.9100640172821775,1.8584508437267273,1.9144114819959424,2.053572161701419,2.02607632114039,1.8529550302549749,1.9589609052508041,1.8293578827850625,1.8377445824698784,2.2052729105190476,2.0595073267790185,2.044525276573608
55,0.2352459978222487,0.4281352903891139,0.552441556426031,0.6516753347327875,0.751151663423979,0.856958410961087,0.9709447094682099,1.0776524867610164,1.2055115935699376,1.257368913178602,1.3532237855473945,1.4171730918998147,1.476006765411386,1.5474955989438157,1.588139914755166,1.5637281054722505,1.5591371739593014,1.736593087919347,1.7757256645991975,1.7415428495580645,1.7864824121272114,1.7861572136793853,1.8037487136565757,1.8818399023351027,1.9344669218329706,1.94301997363308,2.137577568267506,1.9818421582813766,2.0149030205422647,2.1075515006117294,1.9480400753131382,1.900240112222125,2.072600009863119,2.0419839791449355
56,0.19033186221792683,0.3383023845299665,0.45551798779319247,0.5447297644350844,0.6176784724605259,0.6820423928254067,0.7510318597970045,0.7989492948118324,0.8515215510374057,0.9022230732496654,0.9431811989348069,0.9746803230644319,1.046763151966649,1.1338191666030222,1.1374285624996183,1.2090666967596695,1.274320689570347,1.2883467778511897,1.3908710281473025,1.4198771005960278,1.462834438242225,1.570315153666805,1.636811023103999,1.6362119460391573,1.6527883533077141,1.6840487762252752,1.8525639633356483,1.7630782579813364,1.8200299031663105,1.8541650354154846,2.0018553051497894,1.848112405779187,1.9852272523961483,1.9035508752161718
57,0.12213928518579044,0.22930592978352027,0.33725409230928627,0.4269047293997935,0.5032640222881268,0.5648854359050509,0.6267296781401467,0.6814106341030173,0.7464375784058075,0.8063224031509825,0.8485790905432522,0.9149789570831487,0.9698477726218586,1.026860209233018,1.0838097346038877,1.1420802141954258,1.1651377448604272,1.2091178109981335,1.2928878559814674,1.316472722146854,1.383543327748001,1.4111065265826621,1.4392167625742331,1.5033363815515548,1.4717586055211067,1.5762956045880734,1.5477710810392218,1.5856945698147804,1.6447060512715583,1.7693753878445175,1.5863547422512267,1.5654056422835971,1.654184399439723,1.6942031790618102
58,0.17031043649553348,0.3437165967141411,0.46620293261710927,0.5565245256161533,0.6391717413237009,0.7204662687187523,0.8051876271769315,0.8993005606000422,0.9846506737390105,1.056079429744225,1.145372563784397,1.2288305064777694,1.2850772489758324,1.3342968985695596,1.4295443449137073,1.4843917217052438,1.5304792157068223,1.5624318700581699,1.6507454120808607,1.759430582112695,1.752356921362026,1.7671536584258547,1.8505999692509885,1.8103646570590894,1.954568211798428,1.8173846070308781,2.0706823615899546,2.0215475632609334,1.839513900523955,2.09204296855784,1.8887517352153647,2.0704728716970755,2.25915553506671,2.1340456757146877
59,0.15039951550490072,0.3179498446572566,0.44342125243418423,0.532606037586551,0.6105332846147671,0.6911855043728721,0.770907136619015,0.8515351176126493,0.9439818474607831,1.042009584761884,1.1066185297815454,1.195749429700946,1.2356651165956136,1.3076048074677529,1.3943265328171548,1.4557536867861773,1.5063593187290252,1.5864813806354903,1.6009512985567818,1.6412877383211995,1.7236480433689092,1.6851584510076767,1.8551470215065498,1.7844867098989754,1.8595255348564927,1.8195558207311542,1.948735009690868,1.9893952609950523,2.0206478044991565,2.0299010961197,2.1092352051586127,1.8444032027134771,2.020945334998227,2.376128996316416
60,0.2020872070623218,0.3385980784439622,0.45103192404289844,0.5518512992511794,0.6463138512065463,0.7356839583049997,0.8126810464351755,0.9092761539234853,0.9696472608615722,1.0425020430121719,1.1045643256749875,1.1575777288240585,1.2441583512455558,1.2914774806760583,1.358591758570555,1.4053927354819196,1.406519356450546,1.4563478434933006,1.480593929418292,1.55814461804655,1.4923628414090568,1.5267929517788217,1.6357552207514738,1.684006607931609,1.7502104663151825,1.60075164717814,1.6268947148382602,1.5879588807569762,1.6634282963306397,1.719403194478675,1.5444330821251044,1.670592335587431,1.6394589286889583,1.7854102415493962
61,0.2061519359044131,0.3500355880616918,0.465153660858517,0.5609523770372218,0.6495594004056986,0.7330305952902897,0.8223968850411523,0.8936792303489758,0.9976863700781492,1.0696755919280696,1.1253973048189643,1.2103104376554077,1.2307400564079307,1.3092976050602778,1.3389737049298187,1.444286536532953,1.4422019930581866,1.4507173487815086,1.591756744590874,1.6117675582169093,1.586166015388909,1.5547258112977644,1.5415349593111747,1.5542860923590203,1.6994430400087321,1.6912273454425786,1.617272311766711,1.6722143185782723,1.6752776699296432,1.6392062338299538,1.6424987746949886,1.5388910390804147,1.584346990440574,1.7445637778917804
62,0.2848733073587055,0.4939304360104781,0.6310042990410287,0.7657166176804959,0.9013016954843744,1.0359472950539215,1.1395547981892806,1.2507128759100197,1.3722732558962412,1.416700436808294,1.5183039150699353,1.5915053015959846,1.6194296691660208,1.7072842335927267,1.6796065630100638,1.7980381665027139,1.921630564163654,1.8915727122865345,1.799630708436151,1.9204715754166286,1.8998435453529219,2.0313011663519007,1.848787462461363,2.0034259993647354,2.078081922163796,1.926301677666937,2.100643749330439,2.2044841373490236,2.3327381311647333,1.8214352373741716,2.323299297381609,2.244691114575143,2.0817972553722948,2.02707355616252
63,0.2888697316900578,0.4975971284117556,0.649449894481368,0.8106447224996212,0.9575342513571278,1.0843837346263572,1.1834487119759047,1.2571123636009878,1.3261734511909127,1.4010656784402031,1.477901922371627,1.5223722598874545,1.6212879523515962,1.6294644215216298,1.6676272058930128,1.7275593003183776,1.675673362538181,1.7999330450686963,1.796588730079628,1.8713993571579772,1.9133511798144638,1.9290715846924837,1.9086808072869574,2.037694274990522,2.0312699980064703,1.939018323017392,1.8242449243725434,1.9978916747157283,2.074219597698684,2.1798328346243503,2.112777961947428,1.9575517240707991,2.138813815179805,2.122001156098632
64,0.4163347338994793,0.580074479604189,0.7293197293734032,0.902161463072512,1.074622162060607,1.2084650686485154,1.3144876488046753,1.44482661929746,1.516019433359425,1.6088180456855992,1.657061215327612,1.7032767825075827,1.7805658869169356,1.8258190439146467,1.8419681648108013,1.8676480052224531,1.9937605839684556,1.891159634283905,2.0675366391735173,2.0212522482209234,1.9459101490553135,1.935088597312135,1.9515630753581015,1.9810014688665833,1.962740840879787,1.9431853517291282,1.9234688145826329,1.8813716279177422,2.038619547159581,2.086876520167354,2.188295946591918,1.9540402751385635,1.9505830547547058,2.5068855565067754
65,0.35333483531905113,0.5257728550227903,0.6645908658621235,0.8156135669799062,0.9742466847788228,1.1201101151422976,1.2076483138457386,1.3008413607181066,1.366511927480884,1.4365757476899776,1.4686513489284059,1.6068258082061753,1.5527595754156622,1.7107024598142468,1.676347039186008,1.7142482767864453,1.7323996235689354,1.7759713294739221,1.8794288708515487,1.8145741469942265,1.898564028458115,1.8447519993685655,1.8540633525642098,1.9904168763113508,1.984972354296076,2.239526957026909,1.9588135538912212,2.115746306610271,1.970370446625474,1.9520139319933312,2.0319610034468414,1.9598638638291785,2.0621357945822436,2.6770180918544817
66,0.08889661149504872,0.18040389762970224,0.27307933240530174,0.35130759952833934,0.41794468066474283,0.47318156949269385,0.5227096562496444,0.562313501754429,0.6102357330357755,0.6532876079172061,0.6890660321754367,0.7205461547480597,0.7651577165362174,0.8025695989974702,0.8530271526624971,0.8927298550247631,0.9325811604379824,0.9461251385332392,1.0254422720936411,1.0335267623700781,1.0766530823068965,1.0914839489114658,1.156270178069114,1.1392786290515418,1.2397588840721614,1.232944642488837,1.3105825393841943,1.2579700808525307,1.3102834388200826,1.3283717133871862,1.3439468132907983,1.3955110162248145,1.340043343469135,1.395454730518555
67,0.21583334882656388,0.39482023120660337,0.5182547432638002,0.6147277690276438,0.7083700682434964,0.8042978628279644,0.8951239006027474,0.9710742726945962,1.0658943619387033,1.1337198202702157,1.2137385069372608,1.2997235820917552,1.3422100879878713,1.4208998902973662,1.5239043468143925,1.5030722705483215,1.6688708295359713,1.5756288035595016,1.6553476137381784,1.6863989535702288,1.905853664854636,1.7813427083697992,1.72708625888562,1.835562091886448,1.8526857046797125,1.791759469228055,1.8184277163102163,2.0544848097059685,1.7452394535931621,1.8176389172158758,2.217427284653739,2.0794415416798357,1.8514787039296772,1.8693177035739295
68,0.28672453465976266,0.4037083564205066,0.5131854363748731,0.600051196547349,0.6821774817108283,0.7600295744203751,0.8427915425448331,0.9367402237800632,0.9896611048795547,1.0627310748790642,1.133128476068558,1.1928132060181487,1.230092398522075,1.3023741766999337,1.3586368311870547,1.406480755090645,1.484784193841595,1.4039159624697102,1.6248031314981566,1.678167244586281,1.6558333873128699,1.6721090193968762,1.7377473610774714,1.7451336278879996,1.717470910166393,1.8962021325956524,1.7420598006757826,1.7866961672715083,1.7346010553881064,2.0159606621004,1.7375750352752328,1.7692866133759966,2.003241080794422,2.0020548780644156
69,0.44386097069185865,0.5766913042149514,0.6971311150638789,0.8304166550919418,0.9767783684315117,1.1107864582859983,1.246302740586916,1.3330620415234338,1.434679073145008,1.5564922247234716,1.6015359363559374,1.6196284001909322,1.6946672004027437,1.7122024689111053,1.9196353026814295,1.8218046476594427,1.926720454662172,1.9748117531279628,1.8953417550257114,1.9697313018955438,2.296443824971963,2.1772239106295497,1.9310215365615626,2.2178438645389553,2.1479838612330564,2.3196795263533456,2.18147622036808,2.287375674330517,2.1756254655327574,2.3234191798968875,2.1400661634962708,2.277267285009756,2.3978952727983707,2.1355310083308794
70,0.10199428649380372,0.1856458624738187,0.27249707483467567,0.3482807918942617,0.41416191971642,0.4737975469877686,0.5321304729245449,0.5749450475789745,0.6145564353156981,0.665742496050711,0.7034795725846924,0.7493126923564936,0.7683081848900207,0.7873898395796779,0.8294376569129484,0.8822008903764307,0.9083871341311992,0.9360134171853327,0.9489720818857497,1.0020486002384679,1.0066609476252504,1.0308396735863876,1.0445668793136844,1.1010747375853827,1.0300251790045383,1.0934264516357441,1.1364494408183445,1.158331523369732,1.1559865127685156,1.245126104905023,1.1519582693734023,1.140967031233533,1.20050659634945,1.1666050446737686
71,0.10369928009550826,0.19588196693297955,0.2892329817456575,0.36659264546438675,0.4336719847666173,0.49494220403499156,0.5522754075334555,0.6106061120467007,0.6591853274632858,0.7095024869840857,0.7583795839966648,0.7941060634306987,0.8346083206967706,0.8814248763794149,0.9031542539687851,0.9436629197500734,0.9954683341362633,1.0332429956957665,1.0648667554029172,1.0795964355377334,1.0591260535413252,1.1279939242364023,1.1695280695842105,1.1834336421182354,1.303406701314123,1.302382388869548,1.2269345382126642,1.241713132308783,1.3463616507845195,1.3997690597032508,1.387366747281643,1.4346554328133116,1.4576653550118095,1.3837786365226432
72,0.2968399874709498,0.41236315170718113,0.5336424357966038,0.6431887387677778,0.7448395628493437,0.8477594999259501,0.9316784468957274,1.0193074717148194,1.112121203664813,1.1583027674927477,1.213994362786955,1.2748468262808048,1.3807940299268449,1.4018145898789875,1.4418206193454675,1.5024500571168988,1.5510680283384364,1.6064851543832197,1.5631183779546505,1.73226237036341,1.6591329721498507,1.782369728878216,1.7271081385692406,1.851509473633829,1.9092597394364919,1.6974487897568138,1.7515934275027203,1.8048315507954078,1.6761863792224743,1.8469827599912496,1.9000227445438427,1.8990412150637752,1.830109274602921,1.791759469228055
73,0.22899398474854896,0.3696028336390702,0.4880041276075817,0.5921810986382682,0.6911360370637555,0.7734701965744902,0.8532640202276303,0.8876750208624696,0.9875511407693754,1.003629566160822,1.0499090772399178,1.1028684374803484,1.172608297545669,1.213022639845854,1.270577204770495,1.3393450254455732,1.374763163520701,1.4080915412705677,1.4344859021047296,1.4809358682145797,1.5206890744431703,1.4856480137065144,1.5635149211221147,1.554378135251073,1.535023426868017,1.6046417401706072,1.6782047696811926,1.5721809840783414,1.7453561601346963,1.7060840977811673,1.7325705978377244,1.9156289509408406,1.6894806201076367,1.9623376231972611
74,0.14826387789162557,0.29300633819699623,0.4161055318820139,0.5034628631073218,0.5718814587908654,0.6353023606526734,0.7031699229476442,0.7781039030359108,0.8448442477469716,0.9284630631989056,1.021803327222032,1.0886230633679832,1.168245101667964,1.2196620003013363,1.2677028090470068,1.3601027545529782,1.4167736648656906,1.48364835022854,1.5260563034950494,1.5283046921115984,1.6001847069536173,1.6968802310378115,1.7286715983476675,1.7570955771304713,1.7088718094222872,1.9003933102308506,1.8106636238672076,1.9389511787310099,1.9271008170978172,1.8421356765531218,1.9441449235307442,1.943896049683612,1.906169820405799,1.824549292051046
75,0.1479915104840727,0.29899459728190825,0.4252365586790744,0.513939291628777,0.5864485789939343,0.6586034351283987,0.7352400168222204,0.8227346358652619,0.9097396061664007,0.9932912994831437,1.0736784690257057,1.1575424908798366,1.2004614922394912,1.293649166412005,1.3719320057596285,1.4000466685484494,1.4515348829882917,1.509354453877118,1.5254685867575917,1.6403919807325884,1.6877697557040074,1.6378513606572924,1.6709476579095108,1.8283768324662784,1.7495081637372447,1.6993059019357402,1.7697805625092797,1.7678919878214117,1.9271830100046154,2.0603205002330576,1.9584364088744937,1.9183221925364844,2.072203874379605,1.9238774340554308
76,0.21154810872823407,0.33463633737748066,0.4558830654602152,0.544780375458651,0.6192004285887939,0.6965287263981831,0.7589995392511575,0.8356741360930459,0.928581783544281,0.9973236561259371,1.0721357042602293,1.1370021782197524,1.1989802827228149,1.2738791424821743,1.3091909221129177,1.4057338142700775,1.3631211308082571,1.488719155833587,1.5676046250584,1.629110678032805,1.6197170044087479,1.62924053973028,1.636131585076579,1.6822752363863667,1.7489040405784375,1.6883592580450786,1.7708818842064997,1.786940182792106,1.7767965965513426,1.922715532074845,1.9146863086037804,1.7812881693607596,1.927603001610957,1.9409718674147307
77,0.09621713915619881,0.1305884392920445,0.19499252911859452,0.2637522814787296,0.33059835555546485,0.3881584914963911,0.4363676625967234,0.47903554217332917,0.5204191591769697,0.5551315937737492,0.5861631882598893,0.6188301230309836,0.6511538977434304,0.6997530970383995,0.7313007015584174,0.7459589876925791,0.8009710274376425,0.851553185957342,0.854845815578381,0.9079660219881235,0.9641744146399227,0.9889619221715141,1.0110871690522307,1.0828816272132735,1.111910356972741,1.1316185851362797,1.1428748328993377,1.1833535171232001,1.2094416936200354,1.2178545008120918,1.313022160013565,1.285786364241949,1.3485011999577947,1.2957215456164437
78,0.11614567366306117,0.1697191205490094,0.2499913140175943,0.33014767499937225,0.3978554407875659,0.45381101800917123,0.5026375687292252,0.5550972991589253,0.5937906159224814,0.6383421403623595,0.6783115958071547,0.7152680786433026,0.7657218701893516,0.8026712909774811,0.8333224314758089,0.9174915398346133,0.937124818776997,0.9892075186577238,1.0584435119636224,1.0628726888899438,1.0890034295614728,1.1284184167008116,1.1905232344988979,1.2151681797355984,1.2635217441331552,1.2823947661017392,1.2935471193478103,1.333283345153387,1.365874522111148,1.3799931430431616,1.4000119973486898,1.540445040947149,1.5623010570551707,1.4555203056763042
79,0.26835442067274556,0.2148073810913446,0.25488801193474686,0.31340604793888177,0.3733722945316081,0.428072470019597,0.47167572023222576,0.5141686974845531,0.5596157879354228,0.5933679045148139,0.6303627030324592,0.6683427949134704,0.7060226504020523,0.7438558505520079,0.7763841135728181,0.8219251308034832,0.8642923017187577,0.8756320159892533,0.9291526455165628,0.9490195735098234,0.9857494850506144,0.9761948060432265,1.0605073298699192,1.0962026489479564,1.1110091416449384,1.1266976260941013,1.1522650021604297,1.2172180310759566,1.2073799626475503,1.2549926238226372,1.290345679644411,1.3945023415377202,1.32541215118543,1.2766511836700636
80,0.33706586609777806,0.2707413654780465,0.3195588513911274,0.38246586079007117,0.4407873046660214,0.4928304980408982,0.5318193169560763,0.5689828115435172,0.6140298875232537,0.6496417084487731,0.68961868225333,0.7373351182336011,0.7880676740568123,0.8254986320446193,0.8751993874475059,0.9222413940868648,0.9423933557767924,1.039691759834762,1.0811299762077684,1.0857570421768483,1.1918807585609075,1.1905983053067917,1.2508815003956624,1.29624026674474,1.2481189973009172,1.284595895068579,1.3658665384297926,1.4646412908730633,1.5135899536439725,1.6055594331055296,1.4936714756151575,1.5626457509273415,1.4707545249001497,1.5968591302272404
